dataset,family,horizon,metric,delta,wins,ties,n_origins,improved_fraction
celebrity,route_vs_dlinear,1,mse,2.3309676731826342e-05,266,0,288,0.9236111111111112
celebrity,route_vs_dlinear,1,mae,0.0017786570592759501,243,0,288,0.84375
celebrity,route_vs_dlinear,1,mape,0.17737552133077872,243,0,288,0.84375
celebrity,route_vs_dlinear,2,mse,7.143431761621933e-05,271,0,288,0.9409722222222222
celebrity,route_vs_dlinear,2,mae,0.0031962224249490953,240,0,288,0.8333333333333334
celebrity,route_vs_dlinear,2,mape,0.3190267782283594,240,0,288,0.8333333333333334
celebrity,route_vs_dlinear,3,mse,4.669702968252127e-05,228,0,288,0.7916666666666666
celebrity,route_vs_dlinear,3,mae,0.0018288443669509118,211,0,288,0.7326388888888888
celebrity,route_vs_dlinear,3,mape,0.18508384816256523,211,0,288,0.7326388888888888
celebrity,route_vs_dlinear,4,mse,5.255652925053091e-05,196,0,288,0.6805555555555556
celebrity,route_vs_dlinear,4,mae,0.0021409328548577184,188,0,288,0.6527777777777778
celebrity,route_vs_dlinear,4,mape,0.2184316627410859,188,0,288,0.6527777777777778
celebrity,route_vs_dlinear,5,mse,5.030626899609952e-05,203,0,288,0.7048611111111112
celebrity,route_vs_dlinear,5,mae,0.0013719488217303769,190,0,288,0.6597222222222222
celebrity,route_vs_dlinear,5,mape,0.13307184843571887,190,0,288,0.6597222222222222
celebrity,route_vs_dlinear,6,mse,4.353911739620575e-05,222,0,288,0.7708333333333334
celebrity,route_vs_dlinear,6,mae,0.0011317570602900444,201,0,288,0.6979166666666666
celebrity,route_vs_dlinear,6,mape,0.11265854155828488,201,0,288,0.6979166666666666
celebrity,route_vs_dlinear,7,mse,9.30749428636666e-05,248,0,288,0.8611111111111112
celebrity,route_vs_dlinear,7,mae,0.0024586695273844856,221,0,288,0.7673611111111112
celebrity,route_vs_dlinear,7,mape,0.24380281234258622,221,0,288,0.7673611111111112
celebrity,route_vs_dlinear,8,mse,7.642832138580848e-05,225,0,288,0.78125
celebrity,route_vs_dlinear,8,mae,0.001980872484846642,213,0,288,0.7395833333333334
celebrity,route_vs_dlinear,8,mape,0.20095278990951307,213,0,288,0.7395833333333334
celebrity,route_vs_dlinear,9,mse,7.40237838376256e-05,219,0,288,0.7604166666666666
celebrity,route_vs_dlinear,9,mae,0.0016140110575807562,199,0,288,0.6909722222222222
celebrity,route_vs_dlinear,9,mape,0.16476035647994458,199,0,288,0.6909722222222222
celebrity,route_vs_dlinear,10,mse,0.0001245020752840037,241,0,288,0.8368055555555556
celebrity,route_vs_dlinear,10,mae,0.002541636068729428,224,0,288,0.7777777777777778
celebrity,route_vs_dlinear,10,mape,0.2574371106954725,224,0,288,0.7777777777777778
celebrity,route_vs_dlinear,11,mse,0.00015113089074020986,244,0,288,0.8472222222222222
celebrity,route_vs_dlinear,11,mae,0.0029237945024266038,216,0,288,0.75
celebrity,route_vs_dlinear,11,mape,0.2903404791263381,216,0,288,0.75
celebrity,route_vs_dlinear,12,mse,0.00014042899831723292,231,0,288,0.8020833333333334
celebrity,route_vs_dlinear,12,mae,0.0020874819576803924,201,0,288,0.6979166666666666
celebrity,route_vs_dlinear,12,mape,0.20570236042820567,201,0,288,0.6979166666666666
celebrity,route_vs_dlinear,13,mse,0.00018829350601811093,230,0,288,0.7986111111111112
celebrity,route_vs_dlinear,13,mae,0.0027875782212642337,202,0,288,0.7013888888888888
celebrity,route_vs_dlinear,13,mape,0.2723242120305191,202,0,288,0.7013888888888888
celebrity,route_vs_dlinear,14,mse,9.351391581290659e-05,183,0,288,0.6354166666666666
celebrity,route_vs_dlinear,14,mae,0.0007258775356877551,170,0,288,0.5902777777777778
celebrity,route_vs_dlinear,14,mape,0.06963201791514774,170,0,288,0.5902777777777778
celebrity,route_vs_dlinear,15,mse,9.446077745794725e-05,164,0,288,0.5694444444444444
celebrity,route_vs_dlinear,15,mae,0.0008934343329233085,154,0,288,0.5347222222222222
celebrity,route_vs_dlinear,15,mape,0.08370891913540365,154,0,288,0.5347222222222222
celebrity,route_vs_dlinear,16,mse,9.769652985734857e-05,161,0,288,0.5590277777777778
celebrity,route_vs_dlinear,16,mae,0.0008674367788190495,158,0,288,0.5486111111111112
celebrity,route_vs_dlinear,16,mape,0.08036574337540722,158,0,288,0.5486111111111112
celebrity,route_vs_dlinear,17,mse,0.00016679290129959596,176,0,288,0.6111111111111112
celebrity,route_vs_dlinear,17,mae,0.0018208010278777437,171,0,288,0.59375
celebrity,route_vs_dlinear,17,mape,0.17082606145396162,171,0,288,0.59375
celebrity,route_vs_dlinear,18,mse,0.00017036338009926793,201,0,288,0.6979166666666666
celebrity,route_vs_dlinear,18,mae,0.002038317268263241,179,0,288,0.6215277777777778
celebrity,route_vs_dlinear,18,mape,0.19532927801536915,179,0,288,0.6215277777777778
celebrity,route_vs_dlinear,19,mse,0.0002196994685111801,193,0,288,0.6701388888888888
celebrity,route_vs_dlinear,19,mae,0.0028520129031621142,186,0,288,0.6458333333333334
celebrity,route_vs_dlinear,19,mape,0.2708142313393885,186,0,288,0.6458333333333334
celebrity,route_vs_dlinear,20,mse,0.00021464573141772832,201,0,288,0.6979166666666666
celebrity,route_vs_dlinear,20,mae,0.002588236139276367,183,0,288,0.6354166666666666
celebrity,route_vs_dlinear,20,mape,0.24754476607913714,183,0,288,0.6354166666666666
celebrity,route_vs_dlinear,21,mse,0.00019703820707242455,187,0,288,0.6493055555555556
celebrity,route_vs_dlinear,21,mae,0.0021073727065614853,177,0,288,0.6145833333333334
celebrity,route_vs_dlinear,21,mape,0.20017941559250155,177,0,288,0.6145833333333334
celebrity,route_vs_dlinear,22,mse,0.00023228509206771523,172,0,288,0.5972222222222222
celebrity,route_vs_dlinear,22,mae,0.0019228456699387998,166,0,288,0.5763888888888888
celebrity,route_vs_dlinear,22,mape,0.17820851616132624,166,0,288,0.5763888888888888
celebrity,route_vs_dlinear,23,mse,0.0004670259908366731,230,0,288,0.7986111111111112
celebrity,route_vs_dlinear,23,mae,0.004993021203216462,216,0,288,0.75
celebrity,route_vs_dlinear,23,mape,0.4815236249880173,216,0,288,0.75
celebrity,route_vs_dlinear,24,mse,0.00036135394490522684,208,0,288,0.7222222222222222
celebrity,route_vs_dlinear,24,mae,0.0036270360270994496,195,0,288,0.6770833333333334
celebrity,route_vs_dlinear,24,mape,0.3438058868146298,195,0,288,0.6770833333333334
celebrity,semantic_vs_arm90,1,mse,1.9112603468571276e-06,221,0,288,0.7673611111111112
celebrity,semantic_vs_arm90,1,mae,0.00013656955165442495,228,0,288,0.7916666666666666
celebrity,semantic_vs_arm90,1,mape,0.013521721879124612,228,0,288,0.7916666666666666
celebrity,semantic_vs_arm90,2,mse,4.41767367134718e-06,220,0,288,0.7638888888888888
celebrity,semantic_vs_arm90,2,mae,0.00024187380136710712,221,0,288,0.7673611111111112
celebrity,semantic_vs_arm90,2,mape,0.02381188299889227,221,0,288,0.7673611111111112
celebrity,semantic_vs_arm90,3,mse,2.295735599524184e-06,256,0,288,0.8888888888888888
celebrity,semantic_vs_arm90,3,mae,9.574341934899654e-05,210,0,288,0.7291666666666666
celebrity,semantic_vs_arm90,3,mape,0.009577648616131328,210,0,288,0.7291666666666666
celebrity,semantic_vs_arm90,4,mse,6.0609822557654575e-06,225,0,288,0.78125
celebrity,semantic_vs_arm90,4,mae,0.00023360602162798068,227,0,288,0.7881944444444444
celebrity,semantic_vs_arm90,4,mape,0.023751966775611224,227,0,288,0.7881944444444444
celebrity,semantic_vs_arm90,5,mse,2.7872663321462756e-06,196,0,288,0.6805555555555556
celebrity,semantic_vs_arm90,5,mae,8.172052091609089e-05,192,0,288,0.6666666666666666
celebrity,semantic_vs_arm90,5,mape,0.007801912885245228,192,0,288,0.6666666666666666
celebrity,semantic_vs_arm90,6,mse,1.4012179017203556e-06,180,0,288,0.625
celebrity,semantic_vs_arm90,6,mae,6.289320997410228e-05,182,0,288,0.6319444444444444
celebrity,semantic_vs_arm90,6,mape,0.005704823240108375,182,0,288,0.6319444444444444
celebrity,semantic_vs_arm90,7,mse,1.023950884919828e-05,218,0,288,0.7569444444444444
celebrity,semantic_vs_arm90,7,mae,0.00029391442319459145,207,0,288,0.71875
celebrity,semantic_vs_arm90,7,mape,0.02878874469336734,207,0,288,0.71875
celebrity,semantic_vs_arm90,8,mse,4.439737476108376e-06,258,0,288,0.8958333333333334
celebrity,semantic_vs_arm90,8,mae,0.00017609095177356358,224,0,288,0.7777777777777778
celebrity,semantic_vs_arm90,8,mape,0.01771232645967713,224,0,288,0.7777777777777778
celebrity,semantic_vs_arm90,9,mse,3.821071209453709e-06,219,0,288,0.7604166666666666
celebrity,semantic_vs_arm90,9,mae,0.00012496973250161118,215,0,288,0.7465277777777778
celebrity,semantic_vs_arm90,9,mape,0.012900821896871242,215,0,288,0.7465277777777778
celebrity,semantic_vs_arm90,10,mse,8.330156876594915e-06,229,0,288,0.7951388888888888
celebrity,semantic_vs_arm90,10,mae,0.00022380437505094072,227,0,288,0.7881944444444444
celebrity,semantic_vs_arm90,10,mape,0.022945526140706766,227,0,288,0.7881944444444444
celebrity,semantic_vs_arm90,11,mse,1.000754711700164e-05,256,0,288,0.8888888888888888
celebrity,semantic_vs_arm90,11,mae,0.0002714421642083481,190,0,288,0.6597222222222222
celebrity,semantic_vs_arm90,11,mape,0.026951640882309155,190,0,288,0.6597222222222222
celebrity,semantic_vs_arm90,12,mse,6.935815348741476e-06,215,0,288,0.7465277777777778
celebrity,semantic_vs_arm90,12,mae,0.00017485401713723058,182,0,288,0.6319444444444444
celebrity,semantic_vs_arm90,12,mape,0.01698448788343178,182,0,288,0.6319444444444444
celebrity,semantic_vs_arm90,13,mse,1.7968223419835554e-05,200,0,288,0.6944444444444444
celebrity,semantic_vs_arm90,13,mae,0.0003471298145042793,203,0,288,0.7048611111111112
celebrity,semantic_vs_arm90,13,mape,0.03341035753508754,203,0,288,0.7048611111111112
celebrity,semantic_vs_arm90,14,mse,-4.6237118699280123e-08,147,0,288,0.5104166666666666
celebrity,semantic_vs_arm90,14,mae,1.17659309027101e-06,149,0,288,0.5173611111111112
celebrity,semantic_vs_arm90,14,mape,-0.0005776642727018772,149,0,288,0.5173611111111112
celebrity,semantic_vs_arm90,15,mse,1.3221358047948658e-06,161,0,288,0.5590277777777778
celebrity,semantic_vs_arm90,15,mae,3.165018439573681e-05,165,0,288,0.5729166666666666
celebrity,semantic_vs_arm90,15,mape,0.002138535875522831,165,0,288,0.5729166666666666
celebrity,semantic_vs_arm90,16,mse,2.2523757166882535e-06,156,0,288,0.5416666666666666
celebrity,semantic_vs_arm90,16,mae,1.5732248251813957e-05,157,0,288,0.5451388888888888
celebrity,semantic_vs_arm90,16,mape,0.00029040810024141904,157,0,288,0.5451388888888888
celebrity,semantic_vs_arm90,17,mse,1.3723658113963791e-05,183,0,288,0.6354166666666666
celebrity,semantic_vs_arm90,17,mae,0.0001873682636213723,186,0,288,0.6458333333333334
celebrity,semantic_vs_arm90,17,mape,0.016510211819344072,186,0,288,0.6458333333333334
celebrity,semantic_vs_arm90,18,mse,7.612896280773193e-06,181,0,288,0.6284722222222222
celebrity,semantic_vs_arm90,18,mae,0.00010768493719089894,181,0,288,0.6284722222222222
celebrity,semantic_vs_arm90,18,mape,0.009506014861911759,181,0,288,0.6284722222222222
celebrity,semantic_vs_arm90,19,mse,1.2130893019061848e-05,181,0,288,0.6284722222222222
celebrity,semantic_vs_arm90,19,mae,0.0001659417065034936,186,0,288,0.6458333333333334
celebrity,semantic_vs_arm90,19,mape,0.014634007459635544,186,0,288,0.6458333333333334
celebrity,semantic_vs_arm90,20,mse,7.475913043331678e-06,171,0,288,0.59375
celebrity,semantic_vs_arm90,20,mae,8.450561274081262e-05,173,0,288,0.6006944444444444
celebrity,semantic_vs_arm90,20,mape,0.007041065640059168,173,0,288,0.6006944444444444
celebrity,semantic_vs_arm90,21,mse,1.1507818727397419e-05,174,0,288,0.6041666666666666
celebrity,semantic_vs_arm90,21,mae,0.00010671475244842083,175,0,288,0.6076388888888888
celebrity,semantic_vs_arm90,21,mape,0.00858435667533718,175,0,288,0.6076388888888888
celebrity,semantic_vs_arm90,22,mse,5.193264027494405e-06,160,0,288,0.5555555555555556
celebrity,semantic_vs_arm90,22,mae,3.704072530192061e-05,159,0,288,0.5520833333333334
celebrity,semantic_vs_arm90,22,mape,0.0017769679969257307,159,0,288,0.5520833333333334
celebrity,semantic_vs_arm90,23,mse,4.139785362804203e-05,200,0,288,0.6944444444444444
celebrity,semantic_vs_arm90,23,mae,0.0005469263013933956,200,0,288,0.6944444444444444
celebrity,semantic_vs_arm90,23,mape,0.052261349395848075,200,0,288,0.6944444444444444
celebrity,semantic_vs_arm90,24,mse,2.9895658093471943e-05,195,0,288,0.6770833333333334
celebrity,semantic_vs_arm90,24,mae,0.00037394019721845865,195,0,288,0.6770833333333334
celebrity,semantic_vs_arm90,24,mape,0.033719170284034414,195,0,288,0.6770833333333334
news,route_vs_dlinear,1,mse,2.170894597394205e-05,59,0,61,0.9672131147540983
news,route_vs_dlinear,1,mae,0.0020976632692020812,56,0,61,0.9180327868852459
news,route_vs_dlinear,1,mape,0.20967973504907292,56,0,61,0.9180327868852459
news,route_vs_dlinear,2,mse,7.425161696619671e-05,61,0,61,1.0
news,route_vs_dlinear,2,mae,0.00441818309940968,57,0,61,0.9344262295081968
news,route_vs_dlinear,2,mape,0.4416271192490385,57,0,61,0.9344262295081968
news,route_vs_dlinear,3,mse,5.544940186305442e-05,54,0,61,0.8852459016393442
news,route_vs_dlinear,3,mae,0.003311667909882432,52,0,61,0.8524590163934426
news,route_vs_dlinear,3,mape,0.3325444462556746,52,0,61,0.8524590163934426
news,route_vs_dlinear,4,mse,6.933582689174456e-05,46,0,61,0.7540983606557377
news,route_vs_dlinear,4,mae,0.0032931536421717013,46,0,61,0.7540983606557377
news,route_vs_dlinear,4,mape,0.3323210291686486,46,0,61,0.7540983606557377
news,route_vs_dlinear,5,mse,5.8279746270726756e-05,47,0,61,0.7704918032786885
news,route_vs_dlinear,5,mae,0.0019780408742162293,45,0,61,0.7377049180327869
news,route_vs_dlinear,5,mape,0.19437898352466657,45,0,61,0.7377049180327869
news,route_vs_dlinear,6,mse,4.1976133813640574e-05,52,0,61,0.8524590163934426
news,route_vs_dlinear,6,mae,0.0013530360455123822,45,0,61,0.7377049180327869
news,route_vs_dlinear,6,mape,0.13458692971454309,45,0,61,0.7377049180327869
news,route_vs_dlinear,7,mse,9.018987647923493e-05,56,0,61,0.9180327868852459
news,route_vs_dlinear,7,mae,0.003000246962103758,48,0,61,0.7868852459016393
news,route_vs_dlinear,7,mape,0.29827399681336153,48,0,61,0.7868852459016393
news,route_vs_dlinear,8,mse,7.073122139772365e-05,51,0,61,0.8360655737704918
news,route_vs_dlinear,8,mae,0.0022218828871188316,49,0,61,0.8032786885245902
news,route_vs_dlinear,8,mape,0.2239064376020361,49,0,61,0.8032786885245902
news,route_vs_dlinear,9,mse,6.416569274213828e-05,50,0,61,0.819672131147541
news,route_vs_dlinear,9,mae,0.0019242494735947468,47,0,61,0.7704918032786885
news,route_vs_dlinear,9,mape,0.19412543340655006,47,0,61,0.7704918032786885
news,route_vs_dlinear,10,mse,0.0001006754454184107,55,0,61,0.9016393442622951
news,route_vs_dlinear,10,mae,0.002865706116176027,53,0,61,0.8688524590163934
news,route_vs_dlinear,10,mape,0.28835647899945227,53,0,61,0.8688524590163934
news,route_vs_dlinear,11,mse,0.0001378787976607909,55,0,61,0.9016393442622951
news,route_vs_dlinear,11,mae,0.003487337165232148,41,0,61,0.6721311475409836
news,route_vs_dlinear,11,mape,0.3455790633315704,41,0,61,0.6721311475409836
news,route_vs_dlinear,12,mse,0.00011708697933191428,53,0,61,0.8688524590163934
news,route_vs_dlinear,12,mae,0.0026259372009932083,43,0,61,0.7049180327868853
news,route_vs_dlinear,12,mape,0.2594753130698409,43,0,61,0.7049180327868853
news,route_vs_dlinear,13,mse,0.00016640623671696154,49,0,61,0.8032786885245902
news,route_vs_dlinear,13,mae,0.0032876835184878217,44,0,61,0.7213114754098361
news,route_vs_dlinear,13,mape,0.322673921934841,44,0,61,0.7213114754098361
news,route_vs_dlinear,14,mse,6.125810808644077e-05,38,0,61,0.6229508196721312
news,route_vs_dlinear,14,mae,0.0008413579635362765,37,0,61,0.6065573770491803
news,route_vs_dlinear,14,mape,0.08001286700991517,37,0,61,0.6065573770491803
news,route_vs_dlinear,15,mse,7.77574787934185e-05,36,0,61,0.5901639344262295
news,route_vs_dlinear,15,mae,0.0010698075833417697,35,0,61,0.5737704918032787
news,route_vs_dlinear,15,mape,0.10040718493089737,35,0,61,0.5737704918032787
news,route_vs_dlinear,16,mse,8.921441667369274e-05,35,0,61,0.5737704918032787
news,route_vs_dlinear,16,mae,0.0012471360942812148,34,0,61,0.5573770491803278
news,route_vs_dlinear,16,mape,0.11779257812051329,34,0,61,0.5573770491803278
news,route_vs_dlinear,17,mse,0.00014942482124112377,42,0,61,0.6885245901639344
news,route_vs_dlinear,17,mae,0.0020998636098689427,39,0,61,0.639344262295082
news,route_vs_dlinear,17,mape,0.19963306230756694,39,0,61,0.639344262295082
news,route_vs_dlinear,18,mse,0.00012313243200124513,42,0,61,0.6885245901639344
news,route_vs_dlinear,18,mae,0.0019245680302720362,37,0,61,0.6065573770491803
news,route_vs_dlinear,18,mape,0.18577000040290173,37,0,61,0.6065573770491803
news,route_vs_dlinear,19,mse,0.0001731766586100348,40,0,61,0.6557377049180327
news,route_vs_dlinear,19,mae,0.002368199062981466,40,0,61,0.6557377049180327
news,route_vs_dlinear,19,mape,0.2253276520145676,40,0,61,0.6557377049180327
news,route_vs_dlinear,20,mse,0.000148067630120956,43,0,61,0.7049180327868853
news,route_vs_dlinear,20,mae,0.002129338894162164,37,0,61,0.6065573770491803
news,route_vs_dlinear,20,mape,0.2042767580048686,37,0,61,0.6065573770491803
news,route_vs_dlinear,21,mse,0.00012536017393286025,34,0,61,0.5573770491803278
news,route_vs_dlinear,21,mae,0.0012987293802059238,34,0,61,0.5573770491803278
news,route_vs_dlinear,21,mape,0.12213399322016083,34,0,61,0.5573770491803278
news,route_vs_dlinear,22,mse,0.00014561721538943772,33,0,61,0.5409836065573771
news,route_vs_dlinear,22,mae,0.0013912869550182097,33,0,61,0.5409836065573771
news,route_vs_dlinear,22,mape,0.12879667447819207,33,0,61,0.5409836065573771
news,route_vs_dlinear,23,mse,0.00037980075074391426,50,0,61,0.819672131147541
news,route_vs_dlinear,23,mae,0.005671697638769808,49,0,61,0.8032786885245902
news,route_vs_dlinear,23,mape,0.5544741690577641,49,0,61,0.8032786885245902
news,route_vs_dlinear,24,mse,0.0002725783978553499,46,0,61,0.7540983606557377
news,route_vs_dlinear,24,mae,0.004159678571261731,44,0,61,0.7213114754098361
news,route_vs_dlinear,24,mape,0.40126773585678754,44,0,61,0.7213114754098361
news,semantic_vs_arm90,1,mse,1.4062853023821091e-07,26,4,61,0.4262295081967213
news,semantic_vs_arm90,1,mae,9.550729610678423e-06,30,4,61,0.4918032786885246
news,semantic_vs_arm90,1,mape,0.0009529060587875888,30,4,61,0.4918032786885246
news,semantic_vs_arm90,2,mse,5.701787541210029e-07,28,4,61,0.45901639344262296
news,semantic_vs_arm90,2,mae,5.393747827836795e-05,29,4,61,0.47540983606557374
news,semantic_vs_arm90,2,mape,0.005400610046793781,29,4,61,0.47540983606557374
news,semantic_vs_arm90,3,mse,9.657701458078692e-08,27,4,61,0.4426229508196721
news,semantic_vs_arm90,3,mae,1.2403720585446228e-05,26,4,61,0.4262295081967213
news,semantic_vs_arm90,3,mape,0.0011885751348311225,26,4,61,0.4262295081967213
news,semantic_vs_arm90,4,mse,1.2867129491485551e-06,23,4,61,0.3770491803278688
news,semantic_vs_arm90,4,mae,-2.4120899008530257e-05,24,4,61,0.39344262295081966
news,semantic_vs_arm90,4,mape,-0.0025941341446869695,24,4,61,0.39344262295081966
news,semantic_vs_arm90,5,mse,-2.996964626675862e-06,27,4,61,0.4426229508196721
news,semantic_vs_arm90,5,mae,-8.907049289063023e-05,26,4,61,0.4262295081967213
news,semantic_vs_arm90,5,mape,-0.008589386379444645,26,4,61,0.4262295081967213
news,semantic_vs_arm90,6,mse,-9.37423467763858e-07,25,4,61,0.4098360655737705
news,semantic_vs_arm90,6,mae,-7.1995473049013844e-06,30,4,61,0.4918032786885246
news,semantic_vs_arm90,6,mape,-0.000523746670447335,30,4,61,0.4918032786885246
news,semantic_vs_arm90,7,mse,-3.4858128924131436e-06,27,4,61,0.4426229508196721
news,semantic_vs_arm90,7,mae,-0.0001065888035341923,26,4,61,0.4262295081967213
news,semantic_vs_arm90,7,mape,-0.010256608069439037,26,4,61,0.4262295081967213
news,semantic_vs_arm90,8,mse,2.719909788149362e-07,24,4,61,0.39344262295081966
news,semantic_vs_arm90,8,mae,-4.146570680841733e-06,26,4,61,0.4262295081967213
news,semantic_vs_arm90,8,mape,-0.00029545760602654893,26,4,61,0.4262295081967213
news,semantic_vs_arm90,9,mse,-6.142421620133938e-08,23,4,61,0.3770491803278688
news,semantic_vs_arm90,9,mae,-2.755938445573828e-05,30,4,61,0.4918032786885246
news,semantic_vs_arm90,9,mape,-0.0025616580228124725,30,4,61,0.4918032786885246
news,semantic_vs_arm90,10,mse,3.2316628529128e-07,22,4,61,0.36065573770491804
news,semantic_vs_arm90,10,mae,-7.466788520235066e-06,29,4,61,0.47540983606557374
news,semantic_vs_arm90,10,mape,-0.0004957531100608652,29,4,61,0.47540983606557374
news,semantic_vs_arm90,11,mse,-1.3604518752440755e-06,32,4,61,0.5245901639344263
news,semantic_vs_arm90,11,mae,0.00018147126222698478,29,4,61,0.47540983606557374
news,semantic_vs_arm90,11,mape,0.018611631125545657,29,4,61,0.47540983606557374
news,semantic_vs_arm90,12,mse,-4.18730538339018e-06,30,4,61,0.4918032786885246
news,semantic_vs_arm90,12,mae,-1.2778431289597313e-06,27,4,61,0.4426229508196721
news,semantic_vs_arm90,12,mape,0.0007082442640985572,27,4,61,0.4426229508196721
news,semantic_vs_arm90,13,mse,-6.6597803967213525e-06,29,4,61,0.47540983606557374
news,semantic_vs_arm90,13,mae,-2.1565958621316158e-05,26,4,61,0.4262295081967213
news,semantic_vs_arm90,13,mape,-0.0011898945876412863,26,4,61,0.4262295081967213
news,semantic_vs_arm90,14,mse,-5.7499229133907424e-06,27,4,61,0.4426229508196721
news,semantic_vs_arm90,14,mae,-3.7890468065533135e-05,26,4,61,0.4262295081967213
news,semantic_vs_arm90,14,mape,-0.003097116140262534,26,4,61,0.4262295081967213
news,semantic_vs_arm90,15,mse,-7.636234841639834e-06,27,4,61,0.4426229508196721
news,semantic_vs_arm90,15,mae,-1.6593948460037802e-05,26,4,61,0.4262295081967213
news,semantic_vs_arm90,15,mape,-0.0007226245283818319,26,4,61,0.4262295081967213
news,semantic_vs_arm90,16,mse,-8.578773344299912e-06,24,4,61,0.39344262295081966
news,semantic_vs_arm90,16,mae,-0.00020767705242342882,24,4,61,0.39344262295081966
news,semantic_vs_arm90,16,mape,-0.019741841830266494,24,4,61,0.39344262295081966
news,semantic_vs_arm90,17,mse,-1.0076997821254594e-05,28,4,61,0.45901639344262296
news,semantic_vs_arm90,17,mae,-0.00012203933765747507,27,4,61,0.4426229508196721
news,semantic_vs_arm90,17,mape,-0.010875881921789936,27,4,61,0.4426229508196721
news,semantic_vs_arm90,18,mse,-8.049484222973813e-06,29,4,61,0.47540983606557374
news,semantic_vs_arm90,18,mae,-0.00011729773362554237,27,4,61,0.4426229508196721
news,semantic_vs_arm90,18,mape,-0.010605974689596306,27,4,61,0.4426229508196721
news,semantic_vs_arm90,19,mse,-1.1401369789594268e-05,24,4,61,0.39344262295081966
news,semantic_vs_arm90,19,mae,-0.00028949605246138174,23,4,61,0.3770491803278688
news,semantic_vs_arm90,19,mape,-0.02751739453866871,23,4,61,0.3770491803278688
news,semantic_vs_arm90,20,mse,-7.970824921852732e-06,24,4,61,0.39344262295081966
news,semantic_vs_arm90,20,mae,-0.00014765255940644344,25,4,61,0.4098360655737705
news,semantic_vs_arm90,20,mape,-0.013444082625458218,25,4,61,0.4098360655737705
news,semantic_vs_arm90,21,mse,-6.601207863539361e-06,29,4,61,0.47540983606557374
news,semantic_vs_arm90,21,mae,-0.00010841976002372373,29,4,61,0.47540983606557374
news,semantic_vs_arm90,21,mape,-0.009648308094453707,29,4,61,0.47540983606557374
news,semantic_vs_arm90,22,mse,-1.0547465602639555e-05,25,4,61,0.4098360655737705
news,semantic_vs_arm90,22,mae,-0.00018269896470075005,25,4,61,0.4098360655737705
news,semantic_vs_arm90,22,mape,-0.0167188551239912,25,4,61,0.4098360655737705
news,semantic_vs_arm90,23,mse,-1.1690423184136213e-05,24,4,61,0.39344262295081966
news,semantic_vs_arm90,23,mae,-0.0001897859012445409,24,4,61,0.39344262295081966
news,semantic_vs_arm90,23,mape,-0.017238736521308046,24,4,61,0.39344262295081966
news,semantic_vs_arm90,24,mse,-1.1564933322819708e-05,24,4,61,0.39344262295081966
news,semantic_vs_arm90,24,mae,-0.00013198735976355385,23,4,61,0.3770491803278688
news,semantic_vs_arm90,24,mape,-0.011592169687555241,23,4,61,0.3770491803278688
macro_crypto,route_vs_dlinear,1,mse,9.024717871169671e-06,89,0,164,0.5426829268292683
macro_crypto,route_vs_dlinear,1,mae,0.0006153589583993927,88,0,164,0.5365853658536586
macro_crypto,route_vs_dlinear,1,mape,0.05868496652689873,88,0,164,0.5365853658536586
macro_crypto,route_vs_dlinear,2,mse,4.9037544364000774e-05,141,0,164,0.8597560975609756
macro_crypto,route_vs_dlinear,2,mae,0.0018855631351470947,122,0,164,0.7439024390243902
macro_crypto,route_vs_dlinear,2,mape,0.1866350309171794,122,0,164,0.7439024390243902
macro_crypto,route_vs_dlinear,3,mse,1.6960397931427566e-05,106,0,164,0.6463414634146342
macro_crypto,route_vs_dlinear,3,mae,0.00101515432683433,104,0,164,0.6341463414634146
macro_crypto,route_vs_dlinear,3,mape,0.09772077979012982,104,0,164,0.6341463414634146
macro_crypto,route_vs_dlinear,4,mse,4.633308564955839e-05,126,0,164,0.7682926829268293
macro_crypto,route_vs_dlinear,4,mae,0.001095365702621336,112,0,164,0.6829268292682927
macro_crypto,route_vs_dlinear,4,mape,0.11027097703013346,112,0,164,0.6829268292682927
macro_crypto,route_vs_dlinear,5,mse,6.334843883686938e-05,120,0,164,0.7317073170731707
macro_crypto,route_vs_dlinear,5,mae,0.0015668294778684291,109,0,164,0.6646341463414634
macro_crypto,route_vs_dlinear,5,mape,0.15934848721645622,109,0,164,0.6646341463414634
macro_crypto,route_vs_dlinear,6,mse,6.793447197180248e-05,109,0,164,0.6646341463414634
macro_crypto,route_vs_dlinear,6,mae,0.0014109783540896285,96,0,164,0.5853658536585366
macro_crypto,route_vs_dlinear,6,mape,0.1467297843235408,96,0,164,0.5853658536585366
macro_crypto,route_vs_dlinear,7,mse,7.265693727555367e-05,124,0,164,0.7560975609756098
macro_crypto,route_vs_dlinear,7,mae,0.0013123229751741987,109,0,164,0.6646341463414634
macro_crypto,route_vs_dlinear,7,mape,0.13069118722492304,109,0,164,0.6646341463414634
macro_crypto,route_vs_dlinear,8,mse,-2.1359131834200664e-05,76,0,164,0.4634146341463415
macro_crypto,route_vs_dlinear,8,mae,-0.0008566482522623328,75,0,164,0.4573170731707317
macro_crypto,route_vs_dlinear,8,mape,-0.0833783187611062,75,0,164,0.4573170731707317
macro_crypto,route_vs_dlinear,9,mse,6.955519927088733e-06,90,0,164,0.5487804878048781
macro_crypto,route_vs_dlinear,9,mae,-0.0004138285067023303,80,0,164,0.4878048780487805
macro_crypto,route_vs_dlinear,9,mape,-0.03796411738836101,80,0,164,0.4878048780487805
macro_crypto,route_vs_dlinear,10,mse,0.00011082555084162303,114,0,164,0.6951219512195121
macro_crypto,route_vs_dlinear,10,mae,0.0016102811427620373,92,0,164,0.5609756097560976
macro_crypto,route_vs_dlinear,10,mape,0.1659652103220362,92,0,164,0.5609756097560976
macro_crypto,route_vs_dlinear,11,mse,3.716506365320443e-05,96,0,164,0.5853658536585366
macro_crypto,route_vs_dlinear,11,mae,1.4367626934516721e-05,80,0,164,0.4878048780487805
macro_crypto,route_vs_dlinear,11,mape,0.009165750237233669,80,0,164,0.4878048780487805
macro_crypto,route_vs_dlinear,12,mse,-5.502626432174292e-05,68,0,164,0.4146341463414634
macro_crypto,route_vs_dlinear,12,mae,-0.001908095508086972,67,0,164,0.40853658536585363
macro_crypto,route_vs_dlinear,12,mape,-0.18257768972220204,67,0,164,0.40853658536585363
macro_crypto,route_vs_dlinear,13,mse,4.0093132398243536e-05,112,0,164,0.6829268292682927
macro_crypto,route_vs_dlinear,13,mae,0.0006663942240118014,88,0,164,0.5365853658536586
macro_crypto,route_vs_dlinear,13,mape,0.06081915254039772,88,0,164,0.5365853658536586
macro_crypto,route_vs_dlinear,14,mse,-2.747114652597497e-05,77,0,164,0.4695121951219512
macro_crypto,route_vs_dlinear,14,mae,-0.000547944772534254,73,0,164,0.4451219512195122
macro_crypto,route_vs_dlinear,14,mape,-0.062129770190810514,73,0,164,0.4451219512195122
macro_crypto,route_vs_dlinear,15,mse,-3.118640563999012e-05,86,0,164,0.524390243902439
macro_crypto,route_vs_dlinear,15,mae,-0.0007129005058024956,80,0,164,0.4878048780487805
macro_crypto,route_vs_dlinear,15,mape,-0.07478961873531206,80,0,164,0.4878048780487805
macro_crypto,route_vs_dlinear,16,mse,-4.883598686234165e-05,76,0,164,0.4634146341463415
macro_crypto,route_vs_dlinear,16,mae,-0.0009697818659185394,73,0,164,0.4451219512195122
macro_crypto,route_vs_dlinear,16,mape,-0.09426163426932013,73,0,164,0.4451219512195122
macro_crypto,route_vs_dlinear,17,mse,2.5368232735779015e-05,97,0,164,0.5914634146341463
macro_crypto,route_vs_dlinear,17,mae,0.0002520877898223999,90,0,164,0.5487804878048781
macro_crypto,route_vs_dlinear,17,mape,0.03292909006152104,90,0,164,0.5487804878048781
macro_crypto,route_vs_dlinear,18,mse,1.4125789887998172e-05,92,0,164,0.5609756097560976
macro_crypto,route_vs_dlinear,18,mae,8.347073221593773e-07,84,0,164,0.5121951219512195
macro_crypto,route_vs_dlinear,18,mape,0.008689329185098401,84,0,164,0.5121951219512195
macro_crypto,route_vs_dlinear,19,mse,8.792873682334624e-05,129,0,164,0.7865853658536586
macro_crypto,route_vs_dlinear,19,mae,0.0019053540578702602,104,0,164,0.6341463414634146
macro_crypto,route_vs_dlinear,19,mape,0.19129859190084791,104,0,164,0.6341463414634146
macro_crypto,route_vs_dlinear,20,mse,0.00021579620084381248,113,0,164,0.6890243902439024
macro_crypto,route_vs_dlinear,20,mae,0.003382899654590017,109,0,164,0.6646341463414634
macro_crypto,route_vs_dlinear,20,mape,0.35245668963904864,109,0,164,0.6646341463414634
macro_crypto,route_vs_dlinear,21,mse,0.00011943295259451652,109,0,164,0.6646341463414634
macro_crypto,route_vs_dlinear,21,mae,0.0026902501902929163,106,0,164,0.6463414634146342
macro_crypto,route_vs_dlinear,21,mape,0.2796449206743532,106,0,164,0.6463414634146342
macro_crypto,route_vs_dlinear,22,mse,0.00039218591319464965,131,0,164,0.7987804878048781
macro_crypto,route_vs_dlinear,22,mae,0.005935165213375556,125,0,164,0.7621951219512195
macro_crypto,route_vs_dlinear,22,mape,0.6123932258319195,125,0,164,0.7621951219512195
macro_crypto,route_vs_dlinear,23,mse,0.00019579957601119458,129,0,164,0.7865853658536586
macro_crypto,route_vs_dlinear,23,mae,0.0037290126812167283,117,0,164,0.7134146341463414
macro_crypto,route_vs_dlinear,23,mape,0.3818981285016779,117,0,164,0.7134146341463414
macro_crypto,route_vs_dlinear,24,mse,0.0003071256509503106,143,0,164,0.8719512195121951
macro_crypto,route_vs_dlinear,24,mae,0.00507116899257753,122,0,164,0.7439024390243902
macro_crypto,route_vs_dlinear,24,mape,0.5012511275943461,122,0,164,0.7439024390243902
macro_crypto,semantic_vs_arm90,1,mse,-1.076244091341627e-06,57,0,164,0.3475609756097561
macro_crypto,semantic_vs_arm90,1,mae,-7.395291021670512e-05,66,0,164,0.4024390243902439
macro_crypto,semantic_vs_arm90,1,mape,-0.007249714524518797,66,0,164,0.4024390243902439
macro_crypto,semantic_vs_arm90,2,mse,-5.505495519278637e-06,38,0,164,0.23170731707317074
macro_crypto,semantic_vs_arm90,2,mae,-0.00015336935899061289,56,0,164,0.34146341463414637
macro_crypto,semantic_vs_arm90,2,mape,-0.01508591259412025,56,0,164,0.34146341463414637
macro_crypto,semantic_vs_arm90,3,mse,-2.7079780075489228e-06,71,0,164,0.4329268292682927
macro_crypto,semantic_vs_arm90,3,mae,-9.494520783767363e-05,73,0,164,0.4451219512195122
macro_crypto,semantic_vs_arm90,3,mape,-0.009063176232273032,73,0,164,0.4451219512195122
macro_crypto,semantic_vs_arm90,4,mse,-1.361521457240649e-06,64,0,164,0.3902439024390244
macro_crypto,semantic_vs_arm90,4,mae,-6.569171870170349e-05,75,0,164,0.4573170731707317
macro_crypto,semantic_vs_arm90,4,mape,-0.006225504094327587,75,0,164,0.4573170731707317
macro_crypto,semantic_vs_arm90,5,mse,-1.0164531082893987e-05,40,0,164,0.24390243902439024
macro_crypto,semantic_vs_arm90,5,mae,-0.00021567418058263222,55,0,164,0.3353658536585366
macro_crypto,semantic_vs_arm90,5,mape,-0.02171846892482163,55,0,164,0.3353658536585366
macro_crypto,semantic_vs_arm90,6,mse,-1.1545139734222933e-05,31,0,164,0.18902439024390244
macro_crypto,semantic_vs_arm90,6,mae,-0.0002949440893773479,40,0,164,0.24390243902439024
macro_crypto,semantic_vs_arm90,6,mape,-0.030213095723689725,40,0,164,0.24390243902439024
macro_crypto,semantic_vs_arm90,7,mse,-1.3700392706415412e-05,28,0,164,0.17073170731707318
macro_crypto,semantic_vs_arm90,7,mae,-0.00034976337554312617,43,0,164,0.2621951219512195
macro_crypto,semantic_vs_arm90,7,mape,-0.034621964950458065,43,0,164,0.2621951219512195
macro_crypto,semantic_vs_arm90,8,mse,-7.0550195643771495e-06,47,0,164,0.2865853658536585
macro_crypto,semantic_vs_arm90,8,mae,-0.00019451600511387714,50,0,164,0.3048780487804878
macro_crypto,semantic_vs_arm90,8,mape,-0.01914474223615031,50,0,164,0.3048780487804878
macro_crypto,semantic_vs_arm90,9,mse,-8.751175693170246e-06,40,0,164,0.24390243902439024
macro_crypto,semantic_vs_arm90,9,mae,-0.0002568658909755083,49,0,164,0.29878048780487804
macro_crypto,semantic_vs_arm90,9,mape,-0.025387497788870637,49,0,164,0.29878048780487804
macro_crypto,semantic_vs_arm90,10,mse,-2.187496301087416e-05,15,0,164,0.09146341463414634
macro_crypto,semantic_vs_arm90,10,mae,-0.0005938539246778071,27,0,164,0.16463414634146342
macro_crypto,semantic_vs_arm90,10,mape,-0.05906453364949708,27,0,164,0.16463414634146342
macro_crypto,semantic_vs_arm90,11,mse,-1.3743232484940913e-05,34,0,164,0.2073170731707317
macro_crypto,semantic_vs_arm90,11,mae,-0.00029668087254962745,54,0,164,0.32926829268292684
macro_crypto,semantic_vs_arm90,11,mape,-0.02963712261256114,54,0,164,0.32926829268292684
macro_crypto,semantic_vs_arm90,12,mse,-7.195786429304059e-06,56,0,164,0.34146341463414637
macro_crypto,semantic_vs_arm90,12,mae,-0.00019931334655774548,60,0,164,0.36585365853658536
macro_crypto,semantic_vs_arm90,12,mape,-0.019928232061855043,60,0,164,0.36585365853658536
macro_crypto,semantic_vs_arm90,13,mse,-2.622382555849219e-05,39,0,164,0.23780487804878048
macro_crypto,semantic_vs_arm90,13,mae,-0.0004943058737837543,50,0,164,0.3048780487804878
macro_crypto,semantic_vs_arm90,13,mape,-0.0473288566116121,50,0,164,0.3048780487804878
macro_crypto,semantic_vs_arm90,14,mse,-1.9822919792260996e-05,57,0,164,0.3475609756097561
macro_crypto,semantic_vs_arm90,14,mae,-0.000353908668157575,59,0,164,0.3597560975609756
macro_crypto,semantic_vs_arm90,14,mape,-0.033986923865554394,59,0,164,0.3597560975609756
macro_crypto,semantic_vs_arm90,15,mse,-1.5142479072718975e-05,58,0,164,0.35365853658536583
macro_crypto,semantic_vs_arm90,15,mae,-0.00022686209659361617,63,0,164,0.38414634146341464
macro_crypto,semantic_vs_arm90,15,mape,-0.02160888838172167,63,0,164,0.38414634146341464
macro_crypto,semantic_vs_arm90,16,mse,-1.2293544387838023e-05,67,0,164,0.40853658536585363
macro_crypto,semantic_vs_arm90,16,mae,-0.0001885202024584991,67,0,164,0.40853658536585363
macro_crypto,semantic_vs_arm90,16,mape,-0.018875193719605405,67,0,164,0.40853658536585363
macro_crypto,semantic_vs_arm90,17,mse,-1.547146963615813e-05,48,0,164,0.2926829268292683
macro_crypto,semantic_vs_arm90,17,mae,-0.00028603933444917493,52,0,164,0.3170731707317073
macro_crypto,semantic_vs_arm90,17,mape,-0.02913318190528054,52,0,164,0.3170731707317073
macro_crypto,semantic_vs_arm90,18,mse,-2.6539624225097256e-05,48,0,164,0.2926829268292683
macro_crypto,semantic_vs_arm90,18,mae,-0.0003874473524908024,54,0,164,0.32926829268292684
macro_crypto,semantic_vs_arm90,18,mape,-0.04002814779334041,54,0,164,0.32926829268292684
macro_crypto,semantic_vs_arm90,19,mse,-1.6472818363556643e-05,52,0,164,0.3170731707317073
macro_crypto,semantic_vs_arm90,19,mae,-0.00020943908484317403,63,0,164,0.38414634146341464
macro_crypto,semantic_vs_arm90,19,mape,-0.021192409950586407,63,0,164,0.38414634146341464
macro_crypto,semantic_vs_arm90,20,mse,-1.5900573844008055e-05,66,0,164,0.4024390243902439
macro_crypto,semantic_vs_arm90,20,mae,-0.00012575108424200222,66,0,164,0.4024390243902439
macro_crypto,semantic_vs_arm90,20,mape,-0.014398979624352767,66,0,164,0.4024390243902439
macro_crypto,semantic_vs_arm90,21,mse,-2.105789912097704e-05,45,0,164,0.27439024390243905
macro_crypto,semantic_vs_arm90,21,mae,-0.0002911399877003483,53,0,164,0.3231707317073171
macro_crypto,semantic_vs_arm90,21,mape,-0.030864806242932485,53,0,164,0.3231707317073171
macro_crypto,semantic_vs_arm90,22,mse,-2.224085167857323e-05,71,0,164,0.4329268292682927
macro_crypto,semantic_vs_arm90,22,mae,-6.979871259520805e-05,72,0,164,0.43902439024390244
macro_crypto,semantic_vs_arm90,22,mape,-0.0102010867028985,72,0,164,0.43902439024390244
macro_crypto,semantic_vs_arm90,23,mse,-1.1400509357092143e-05,63,0,164,0.38414634146341464
macro_crypto,semantic_vs_arm90,23,mae,-9.759044288453371e-05,65,0,164,0.39634146341463417
macro_crypto,semantic_vs_arm90,23,mape,-0.011325281790168716,65,0,164,0.39634146341463417
macro_crypto,semantic_vs_arm90,24,mse,-1.862281657331098e-05,55,0,164,0.3353658536585366
macro_crypto,semantic_vs_arm90,24,mae,-0.00019467226258546445,63,0,164,0.38414634146341464
macro_crypto,semantic_vs_arm90,24,mape,-0.01975320106511356,63,0,164,0.38414634146341464
macro_equities,route_vs_dlinear,1,mse,6.773777760782963e-05,110,0,117,0.9401709401709402
macro_equities,route_vs_dlinear,1,mae,0.005598050746483001,105,0,117,0.8974358974358975
macro_equities,route_vs_dlinear,1,mape,0.5590034926818227,105,0,117,0.8974358974358975
macro_equities,route_vs_dlinear,2,mse,3.927844438495917e-05,107,0,117,0.9145299145299145
macro_equities,route_vs_dlinear,2,mae,0.0030633029435095283,104,0,117,0.8888888888888888
macro_equities,route_vs_dlinear,2,mape,0.3049031204366453,104,0,117,0.8888888888888888
macro_equities,route_vs_dlinear,3,mse,6.811261513619509e-05,95,0,117,0.811965811965812
macro_equities,route_vs_dlinear,3,mae,0.004288780383574657,94,0,117,0.8034188034188035
macro_equities,route_vs_dlinear,3,mape,0.4258751018429853,94,0,117,0.8034188034188035
macro_equities,route_vs_dlinear,4,mse,8.050349149442055e-05,99,0,117,0.8461538461538461
macro_equities,route_vs_dlinear,4,mae,0.0045190124090580515,93,0,117,0.7948717948717948
macro_equities,route_vs_dlinear,4,mape,0.4480147804830691,93,0,117,0.7948717948717948
macro_equities,route_vs_dlinear,5,mse,5.734025109087592e-05,100,0,117,0.8547008547008547
macro_equities,route_vs_dlinear,5,mae,0.00382920140214795,91,0,117,0.7777777777777778
macro_equities,route_vs_dlinear,5,mape,0.3802709018927798,91,0,117,0.7777777777777778
macro_equities,route_vs_dlinear,6,mse,5.97214991221302e-05,86,0,117,0.7350427350427351
macro_equities,route_vs_dlinear,6,mae,0.004506600378585338,86,0,117,0.7350427350427351
macro_equities,route_vs_dlinear,6,mape,0.4447668701294016,86,0,117,0.7350427350427351
macro_equities,route_vs_dlinear,7,mse,9.804480563497915e-05,107,0,117,0.9145299145299145
macro_equities,route_vs_dlinear,7,mae,0.004124960668406256,99,0,117,0.8461538461538461
macro_equities,route_vs_dlinear,7,mape,0.41189306153534266,99,0,117,0.8461538461538461
macro_equities,route_vs_dlinear,8,mse,1.491225736929818e-06,76,0,117,0.6495726495726496
macro_equities,route_vs_dlinear,8,mae,0.0008188737423671275,71,0,117,0.6068376068376068
macro_equities,route_vs_dlinear,8,mape,0.08105887690104965,71,0,117,0.6068376068376068
macro_equities,route_vs_dlinear,9,mse,5.833249483717834e-05,102,0,117,0.8717948717948718
macro_equities,route_vs_dlinear,9,mae,0.0022355499770226983,91,0,117,0.7777777777777778
macro_equities,route_vs_dlinear,9,mape,0.22366666262354806,91,0,117,0.7777777777777778
macro_equities,route_vs_dlinear,10,mse,7.356085388588242e-05,98,0,117,0.8376068376068376
macro_equities,route_vs_dlinear,10,mae,0.0027133812252272908,83,0,117,0.7094017094017094
macro_equities,route_vs_dlinear,10,mape,0.26898060364535414,83,0,117,0.7094017094017094
macro_equities,route_vs_dlinear,11,mse,4.664404936306548e-05,68,0,117,0.5811965811965812
macro_equities,route_vs_dlinear,11,mae,0.002042463022759158,68,0,117,0.5811965811965812
macro_equities,route_vs_dlinear,11,mape,0.1974251611266492,68,0,117,0.5811965811965812
macro_equities,route_vs_dlinear,12,mse,0.0001178648594800471,108,0,117,0.9230769230769231
macro_equities,route_vs_dlinear,12,mae,0.003809673494083589,99,0,117,0.8461538461538461
macro_equities,route_vs_dlinear,12,mape,0.37942608437106135,99,0,117,0.8461538461538461
macro_equities,route_vs_dlinear,13,mse,3.890085386922982e-05,88,0,117,0.7521367521367521
macro_equities,route_vs_dlinear,13,mae,0.0017793891776321281,80,0,117,0.6837606837606838
macro_equities,route_vs_dlinear,13,mape,0.17571722389022265,80,0,117,0.6837606837606838
macro_equities,route_vs_dlinear,14,mse,3.87011208365438e-05,75,0,117,0.6410256410256411
macro_equities,route_vs_dlinear,14,mae,0.0012969783907941944,69,0,117,0.5897435897435898
macro_equities,route_vs_dlinear,14,mape,0.13350861429978758,69,0,117,0.5897435897435898
macro_equities,route_vs_dlinear,15,mse,1.8224062871009333e-05,73,0,117,0.6239316239316239
macro_equities,route_vs_dlinear,15,mae,0.0011975841644482738,70,0,117,0.5982905982905983
macro_equities,route_vs_dlinear,15,mape,0.11761781904144342,70,0,117,0.5982905982905983
macro_equities,route_vs_dlinear,16,mse,4.124151050060305e-05,75,0,117,0.6410256410256411
macro_equities,route_vs_dlinear,16,mae,0.002128839153170246,75,0,117,0.6410256410256411
macro_equities,route_vs_dlinear,16,mape,0.20945412914743167,75,0,117,0.6410256410256411
macro_equities,route_vs_dlinear,17,mse,3.6456384429660636e-05,81,0,117,0.6923076923076923
macro_equities,route_vs_dlinear,17,mae,0.0015841228330237237,80,0,117,0.6837606837606838
macro_equities,route_vs_dlinear,17,mape,0.16026911045293857,80,0,117,0.6837606837606838
macro_equities,route_vs_dlinear,18,mse,4.935318924202549e-05,84,0,117,0.717948717948718
macro_equities,route_vs_dlinear,18,mae,0.0020866003471222356,78,0,117,0.6666666666666666
macro_equities,route_vs_dlinear,18,mape,0.20828315123677008,78,0,117,0.6666666666666666
macro_equities,route_vs_dlinear,19,mse,6.554063520674022e-05,91,0,117,0.7777777777777778
macro_equities,route_vs_dlinear,19,mae,0.0023519845090360725,81,0,117,0.6923076923076923
macro_equities,route_vs_dlinear,19,mape,0.23365426938759767,81,0,117,0.6923076923076923
macro_equities,route_vs_dlinear,20,mse,0.00014410260929974237,90,0,117,0.7692307692307693
macro_equities,route_vs_dlinear,20,mae,0.004315917817955343,81,0,117,0.6923076923076923
macro_equities,route_vs_dlinear,20,mape,0.42664764204397093,81,0,117,0.6923076923076923
macro_equities,route_vs_dlinear,21,mse,0.0001506004181755614,92,0,117,0.7863247863247863
macro_equities,route_vs_dlinear,21,mae,0.0046352803537309,88,0,117,0.7521367521367521
macro_equities,route_vs_dlinear,21,mape,0.45703908927231346,88,0,117,0.7521367521367521
macro_equities,route_vs_dlinear,22,mse,9.851915103747265e-05,89,0,117,0.7606837606837606
macro_equities,route_vs_dlinear,22,mae,0.003340230877922471,83,0,117,0.7094017094017094
macro_equities,route_vs_dlinear,22,mape,0.3300811909084592,83,0,117,0.7094017094017094
macro_equities,route_vs_dlinear,23,mse,0.0001659334476778173,108,0,117,0.9230769230769231
macro_equities,route_vs_dlinear,23,mae,0.0046343402645187175,92,0,117,0.7863247863247863
macro_equities,route_vs_dlinear,23,mape,0.46353244623782175,92,0,117,0.7863247863247863
macro_equities,route_vs_dlinear,24,mse,0.00011710241276434928,101,0,117,0.8632478632478633
macro_equities,route_vs_dlinear,24,mae,0.003718059626739589,88,0,117,0.7521367521367521
macro_equities,route_vs_dlinear,24,mape,0.3700374903978471,88,0,117,0.7521367521367521
macro_equities,semantic_vs_arm90,1,mse,1.8268561063492919e-06,72,0,117,0.6153846153846154
macro_equities,semantic_vs_arm90,1,mae,0.00015518595523734215,71,0,117,0.6068376068376068
macro_equities,semantic_vs_arm90,1,mape,0.015479610083756807,71,0,117,0.6068376068376068
macro_equities,semantic_vs_arm90,2,mse,-6.907646071921072e-07,69,0,117,0.5897435897435898
macro_equities,semantic_vs_arm90,2,mae,9.911476463192096e-06,69,0,117,0.5897435897435898
macro_equities,semantic_vs_arm90,2,mape,0.000930678864267918,69,0,117,0.5897435897435898
macro_equities,semantic_vs_arm90,3,mse,3.7251298404822166e-07,65,0,117,0.5555555555555556
macro_equities,semantic_vs_arm90,3,mae,3.316620382622601e-05,62,0,117,0.5299145299145299
macro_equities,semantic_vs_arm90,3,mape,0.003378718128681252,62,0,117,0.5299145299145299
macro_equities,semantic_vs_arm90,4,mse,2.8519761524770103e-06,65,0,117,0.5555555555555556
macro_equities,semantic_vs_arm90,4,mae,6.413597586482472e-05,64,0,117,0.5470085470085471
macro_equities,semantic_vs_arm90,4,mape,0.006555997483228744,64,0,117,0.5470085470085471
macro_equities,semantic_vs_arm90,5,mse,4.778837689966121e-06,74,0,117,0.6324786324786325
macro_equities,semantic_vs_arm90,5,mae,0.0001808383647907576,72,0,117,0.6153846153846154
macro_equities,semantic_vs_arm90,5,mape,0.018212984182321094,72,0,117,0.6153846153846154
macro_equities,semantic_vs_arm90,6,mse,8.842714812791762e-06,69,0,117,0.5897435897435898
macro_equities,semantic_vs_arm90,6,mae,0.0004400981235133957,69,0,117,0.5897435897435898
macro_equities,semantic_vs_arm90,6,mape,0.04416512265400804,69,0,117,0.5897435897435898
macro_equities,semantic_vs_arm90,7,mse,4.446539050471399e-06,68,0,117,0.5811965811965812
macro_equities,semantic_vs_arm90,7,mae,0.0003219146474221259,70,0,117,0.5982905982905983
macro_equities,semantic_vs_arm90,7,mape,0.0316427934540033,70,0,117,0.5982905982905983
macro_equities,semantic_vs_arm90,8,mse,6.678509605684266e-06,70,0,117,0.5982905982905983
macro_equities,semantic_vs_arm90,8,mae,0.00025321404415285073,71,0,117,0.6068376068376068
macro_equities,semantic_vs_arm90,8,mape,0.025141659900199287,71,0,117,0.6068376068376068
macro_equities,semantic_vs_arm90,9,mse,5.559110996882194e-06,64,0,117,0.5470085470085471
macro_equities,semantic_vs_arm90,9,mae,0.00022473103430675913,64,0,117,0.5470085470085471
macro_equities,semantic_vs_arm90,9,mape,0.022011971141140615,64,0,117,0.5470085470085471
macro_equities,semantic_vs_arm90,10,mse,1.1030014004232928e-05,67,0,117,0.5726495726495726
macro_equities,semantic_vs_arm90,10,mae,0.00044651057736739994,70,0,117,0.5982905982905983
macro_equities,semantic_vs_arm90,10,mape,0.04438055436844431,70,0,117,0.5982905982905983
macro_equities,semantic_vs_arm90,11,mse,1.2968399550223244e-05,77,0,117,0.6581196581196581
macro_equities,semantic_vs_arm90,11,mae,0.0006907975609105237,77,0,117,0.6581196581196581
macro_equities,semantic_vs_arm90,11,mape,0.06925054449238642,77,0,117,0.6581196581196581
macro_equities,semantic_vs_arm90,12,mse,6.945437276960413e-06,64,0,117,0.5470085470085471
macro_equities,semantic_vs_arm90,12,mae,0.00045493848445437673,66,0,117,0.5641025641025641
macro_equities,semantic_vs_arm90,12,mape,0.04511154465394775,66,0,117,0.5641025641025641
macro_equities,semantic_vs_arm90,13,mse,7.398280174879397e-06,73,0,117,0.6239316239316239
macro_equities,semantic_vs_arm90,13,mae,0.0005610474608109397,73,0,117,0.6239316239316239
macro_equities,semantic_vs_arm90,13,mape,0.05589104113900801,73,0,117,0.6239316239316239
macro_equities,semantic_vs_arm90,14,mse,5.419533238379701e-06,62,0,117,0.5299145299145299
macro_equities,semantic_vs_arm90,14,mae,0.00031955832760328885,60,0,117,0.5128205128205128
macro_equities,semantic_vs_arm90,14,mape,0.03127351783845125,60,0,117,0.5128205128205128
macro_equities,semantic_vs_arm90,15,mse,1.7119682350615796e-05,78,0,117,0.6666666666666666
macro_equities,semantic_vs_arm90,15,mae,0.0007911358252491953,78,0,117,0.6666666666666666
macro_equities,semantic_vs_arm90,15,mape,0.07898234983098304,78,0,117,0.6666666666666666
macro_equities,semantic_vs_arm90,16,mse,2.1851685239501014e-05,72,0,117,0.6153846153846154
macro_equities,semantic_vs_arm90,16,mae,0.0008645837533138201,72,0,117,0.6153846153846154
macro_equities,semantic_vs_arm90,16,mape,0.08641718504391493,72,0,117,0.6153846153846154
macro_equities,semantic_vs_arm90,17,mse,1.6749462768051894e-05,62,0,117,0.5299145299145299
macro_equities,semantic_vs_arm90,17,mae,0.0006309612272397585,63,0,117,0.5384615384615384
macro_equities,semantic_vs_arm90,17,mape,0.06274654203974442,63,0,117,0.5384615384615384
macro_equities,semantic_vs_arm90,18,mse,2.444287691238958e-05,66,0,117,0.5641025641025641
macro_equities,semantic_vs_arm90,18,mae,0.0007861854231584549,68,0,117,0.5811965811965812
macro_equities,semantic_vs_arm90,18,mape,0.07852708642930907,68,0,117,0.5811965811965812
macro_equities,semantic_vs_arm90,19,mse,2.5608437946724705e-05,72,0,117,0.6153846153846154
macro_equities,semantic_vs_arm90,19,mae,0.0007504511092613945,71,0,117,0.6068376068376068
macro_equities,semantic_vs_arm90,19,mape,0.07514049006135161,71,0,117,0.6068376068376068
macro_equities,semantic_vs_arm90,20,mse,2.9154576876159803e-05,80,0,117,0.6837606837606838
macro_equities,semantic_vs_arm90,20,mae,0.0010291748389470719,82,0,117,0.7008547008547008
macro_equities,semantic_vs_arm90,20,mape,0.10320486718694852,82,0,117,0.7008547008547008
macro_equities,semantic_vs_arm90,21,mse,3.175651039007765e-05,83,0,117,0.7094017094017094
macro_equities,semantic_vs_arm90,21,mae,0.001118612933603846,84,0,117,0.717948717948718
macro_equities,semantic_vs_arm90,21,mape,0.11222931310138529,84,0,117,0.717948717948718
macro_equities,semantic_vs_arm90,22,mse,3.1471873033307225e-05,84,0,117,0.717948717948718
macro_equities,semantic_vs_arm90,22,mae,0.0010118627358891143,84,0,117,0.717948717948718
macro_equities,semantic_vs_arm90,22,mape,0.10153130793270715,84,0,117,0.717948717948718
macro_equities,semantic_vs_arm90,23,mse,2.609858216958586e-05,75,0,117,0.6410256410256411
macro_equities,semantic_vs_arm90,23,mae,0.0008006704963156776,82,0,117,0.7008547008547008
macro_equities,semantic_vs_arm90,23,mape,0.08040965774449606,82,0,117,0.7008547008547008
macro_equities,semantic_vs_arm90,24,mse,3.125956949069337e-05,79,0,117,0.6752136752136753
macro_equities,semantic_vs_arm90,24,mae,0.0009618528623678164,82,0,117,0.7008547008547008
macro_equities,semantic_vs_arm90,24,mape,0.09652460697208422,82,0,117,0.7008547008547008
