dataset,family,candidate,reference,metric,block_days,n_origins,active_days,delta_reference_minus_candidate,ci_low,ci_high,p_two_sided,valid_resamples,route_frozen_on_validation,p_holm
celebrity,route_vs_dlinear,NSRC_Route,DLinear,mse,3,288,30,0.00014377505822741978,6.069059068078731e-06,0.00032969408918908955,0.07724,49999,True,
celebrity,route_vs_dlinear,NSRC_Route,DLinear,mae,3,288,30,0.0021782832500330195,0.000899283380112638,0.003596051028826903,0.00148,49999,True,
celebrity,route_vs_dlinear,NSRC_Route,DLinear,mape,3,288,30,0.2126211159308192,0.08623895165010861,0.3506157007995363,0.00126,49999,True,
celebrity,route_vs_dlinear,NSRC_Route,DLinear,mse,7,288,30,0.00014377505822741978,1.6790914509362718e-05,0.0003072336535377899,0.04862,49999,True,0.19448
celebrity,route_vs_dlinear,NSRC_Route,DLinear,mae,7,288,30,0.0021782832500330195,0.0010908454453480612,0.003347936351362979,0.00018,49999,True,0.0016200000000000001
celebrity,route_vs_dlinear,NSRC_Route,DLinear,mape,7,288,30,0.2126211159308192,0.1057414563273547,0.3245947614650769,8e-05,49999,True,0.0008
celebrity,route_vs_dlinear,NSRC_Route,DLinear,mse,14,288,30,0.00014377505822741978,2.024723346548891e-05,0.0002849819208407635,0.02798,49999,True,
celebrity,route_vs_dlinear,NSRC_Route,DLinear,mae,14,288,30,0.0021782832500330195,0.0012610353285088703,0.0032555376062725055,2e-05,49999,True,
celebrity,route_vs_dlinear,NSRC_Route,DLinear,mape,14,288,30,0.2126211159308192,0.1226575163549475,0.3177910280976089,2e-05,49999,True,
celebrity,semantic_vs_arm90,NSRC,ARM90,mse,3,288,30,8.878434405858933e-06,4.286005081115168e-08,1.8272038664083275e-05,0.05652,49999,True,
celebrity,semantic_vs_arm90,NSRC,ARM90,mae,3,288,30,0.00017180389689232733,6.098281379784603e-05,0.00028702156387258837,0.00212,49999,True,
celebrity,semantic_vs_arm90,NSRC,ARM90,mape,3,288,30,0.016239511905113448,0.0052723996437701185,0.02755695050353322,0.0033,49999,True,
celebrity,semantic_vs_arm90,NSRC,ARM90,mse,7,288,30,8.878434405858933e-06,8.534443382297793e-08,1.7637362275832364e-05,0.04708,49999,True,0.2354
celebrity,semantic_vs_arm90,NSRC,ARM90,mae,7,288,30,0.00017180389689232733,6.319043497761661e-05,0.00027207493884738576,0.00018,49999,True,0.00216
celebrity,semantic_vs_arm90,NSRC,ARM90,mape,7,288,30,0.016239511905113448,0.005725824388749862,0.02602873249087069,0.00038,49999,True,0.0041800000000000006
celebrity,semantic_vs_arm90,NSRC,ARM90,mse,14,288,30,8.878434405858933e-06,1.6660322695140358e-06,1.5693996723025523e-05,0.01216,49999,True,
celebrity,semantic_vs_arm90,NSRC,ARM90,mae,14,288,30,0.00017180389689232733,8.078663472881916e-05,0.0002546475753555353,2e-05,49999,True,
celebrity,semantic_vs_arm90,NSRC,ARM90,mape,14,288,30,0.016239511905113448,0.0076031308245153,0.02418078423535759,4e-05,49999,True,
news,route_vs_dlinear,NSRC_Route,DLinear,mse,3,61,45,0.00011723016687395639,6.341202912165834e-05,0.00017842346942903667,0.00026,49999,True,
news,route_vs_dlinear,NSRC_Route,DLinear,mae,3,61,45,0.002502768831158357,0.001696614829899815,0.003353065948833588,2e-05,49999,True,
news,route_vs_dlinear,NSRC_Route,DLinear,mape,3,61,45,0.24572589848014303,0.16596083655569135,0.3295735409536655,2e-05,49999,True,
news,route_vs_dlinear,NSRC_Route,DLinear,mse,7,61,45,0.00011723016687395639,6.477855423701577e-05,0.0001770669542487451,0.00026,49999,True,0.00208
news,route_vs_dlinear,NSRC_Route,DLinear,mae,7,61,45,0.002502768831158357,0.001701876654090149,0.0033613336227556593,2e-05,49999,True,0.00024000000000000003
news,route_vs_dlinear,NSRC_Route,DLinear,mape,7,61,45,0.24572589848014303,0.1664151025275307,0.33019522503194226,2e-05,49999,True,0.00024000000000000003
news,route_vs_dlinear,NSRC_Route,DLinear,mse,14,61,45,0.00011723016687395639,7.40319266522635e-05,0.00016660049629537357,2e-05,49999,True,
news,route_vs_dlinear,NSRC_Route,DLinear,mae,14,61,45,0.002502768831158357,0.0017824854841785114,0.003281479914962434,2e-05,49999,True,
news,route_vs_dlinear,NSRC_Route,DLinear,mape,14,61,45,0.24572589848014303,0.17458823386220942,0.32271071205099083,2e-05,49999,True,
news,semantic_vs_arm90,NSRC,ARM90,mse,3,61,45,-4.869481090598179e-06,-1.4224278598291128e-05,3.327527674694581e-06,0.26972,49999,True,
news,semantic_vs_arm90,NSRC,ARM90,mae,3,61,45,-6.596550980317864e-05,-0.0002142127035858618,7.31424796011017e-05,0.36298,49999,True,
news,semantic_vs_arm90,NSRC,ARM90,mape,3,61,45,-0.0058686524025931535,-0.020394511850844867,0.007887361183342337,0.41126,49999,True,
news,semantic_vs_arm90,NSRC,ARM90,mse,7,61,45,-4.869481090598179e-06,-1.3332393465555117e-05,2.5817356595834215e-06,0.22844,49999,True,0.68532
news,semantic_vs_arm90,NSRC,ARM90,mae,7,61,45,-6.596550980317864e-05,-0.00017979549158859203,4.6457749090875334e-05,0.253,49999,True,0.68532
news,semantic_vs_arm90,NSRC,ARM90,mape,7,61,45,-0.0058686524025931535,-0.017046523246029698,0.005257375106223155,0.30208,49999,True,0.68532
news,semantic_vs_arm90,NSRC,ARM90,mse,14,61,45,-4.869481090598179e-06,-1.360672273969325e-05,2.1282621379782195e-06,0.24226,49999,True,
news,semantic_vs_arm90,NSRC,ARM90,mae,14,61,45,-6.596550980317864e-05,-0.00017773926644683622,3.267926941031556e-05,0.227,49999,True,
news,semantic_vs_arm90,NSRC,ARM90,mape,14,61,45,-0.0058686524025931535,-0.01677478492449769,0.00381921389109195,0.27122,49999,True,
macro_crypto,route_vs_dlinear,NSRC_Route,DLinear,mse,3,164,26,7.059245744074578e-05,-2.9381433716613993e-05,0.00015637344179380221,0.13582,49999,True,
macro_crypto,route_vs_dlinear,NSRC_Route,DLinear,mae,3,164,26,0.0011979245749834746,-0.00015038120276187974,0.002562666804591107,0.08472,49999,True,
macro_crypto,route_vs_dlinear,NSRC_Route,DLinear,mape,3,164,26,0.12297880335210959,-0.014403768786276853,0.26054633041874786,0.08114,49999,True,
macro_crypto,route_vs_dlinear,NSRC_Route,DLinear,mse,7,164,26,7.059245744074578e-05,-3.301678334505275e-05,0.0001588676655521872,0.15644,49999,True,0.36084
macro_crypto,route_vs_dlinear,NSRC_Route,DLinear,mae,7,164,26,0.0011979245749834746,-0.0002945592493731585,0.002736496409726521,0.1254,49999,True,0.36084
macro_crypto,route_vs_dlinear,NSRC_Route,DLinear,mape,7,164,26,0.12297880335210959,-0.02868956886855696,0.27776585959299227,0.12028,49999,True,0.36084
macro_crypto,route_vs_dlinear,NSRC_Route,DLinear,mse,14,164,26,7.059245744074578e-05,-3.74248451005024e-05,0.00016256011206303842,0.18364,49999,True,
macro_crypto,route_vs_dlinear,NSRC_Route,DLinear,mae,14,164,26,0.0011979245749834746,-0.00048395332713944923,0.0029966322347774223,0.18186,49999,True,
macro_crypto,route_vs_dlinear,NSRC_Route,DLinear,mape,14,164,26,0.12297880335210959,-0.047509304027500504,0.30392153490069207,0.1751,49999,True,
macro_crypto,semantic_vs_arm90,NSRC,ARM90,mse,3,164,26,-1.357795047465383e-05,-2.2528768058899706e-05,-3.747484429811212e-06,0.00462,49999,True,
macro_crypto,semantic_vs_arm90,NSRC,ARM90,mae,3,164,26,-0.00023812691599618837,-0.0004198990732608751,-3.72961281148586e-05,0.01502,49999,True,
macro_crypto,semantic_vs_arm90,NSRC,ARM90,mape,3,164,26,-0.024001538460262914,-0.04233450800060806,-0.003994570116875258,0.0146,49999,True,
macro_crypto,semantic_vs_arm90,NSRC,ARM90,mse,7,164,26,-1.357795047465383e-05,-2.2052971857634907e-05,-3.864926706753801e-06,0.00372,49999,True,0.037200000000000004
macro_crypto,semantic_vs_arm90,NSRC,ARM90,mae,7,164,26,-0.00023812691599618837,-0.0004333846075122265,-2.4748375622923273e-05,0.02352,49999,True,0.15792
macro_crypto,semantic_vs_arm90,NSRC,ARM90,mape,7,164,26,-0.024001538460262914,-0.04358140256913349,-0.002810926812653756,0.02256,49999,True,0.15792
macro_crypto,semantic_vs_arm90,NSRC,ARM90,mse,14,164,26,-1.357795047465383e-05,-2.0541868149390496e-05,-6.926585907676586e-06,2e-05,49999,True,
macro_crypto,semantic_vs_arm90,NSRC,ARM90,mae,14,164,26,-0.00023812691599618837,-0.00042918683778565825,-4.12255290235013e-05,0.0144,49999,True,
macro_crypto,semantic_vs_arm90,NSRC,ARM90,mape,14,164,26,-0.024001538460262914,-0.04319824966378842,-0.004653190731478954,0.01322,49999,True,
macro_equities,route_vs_dlinear,NSRC_Route,DLinear,mse,3,117,25,7.222117348688536e-05,2.9106015069647413e-05,0.00011660580853330977,0.00152,49999,True,
macro_equities,route_vs_dlinear,NSRC_Route,DLinear,mae,3,117,25,0.0031091324128882706,0.0014039350074356196,0.0049779281477674055,0.00098,49999,True,
macro_equities,route_vs_dlinear,NSRC_Route,DLinear,mape,3,117,25,0.30879695391609635,0.13743619492867573,0.49589328251383724,0.00106,49999,True,
macro_equities,route_vs_dlinear,NSRC_Route,DLinear,mse,7,117,25,7.222117348688536e-05,2.8783232282658733e-05,0.00011798083030206132,0.00128,49999,True,0.008960000000000001
macro_equities,route_vs_dlinear,NSRC_Route,DLinear,mae,7,117,25,0.0031091324128882706,0.001286594050111839,0.005101811392725536,0.00152,49999,True,0.00912
macro_equities,route_vs_dlinear,NSRC_Route,DLinear,mape,7,117,25,0.30879695391609635,0.12612453203153337,0.5081983816671763,0.0016,49999,True,0.00912
macro_equities,route_vs_dlinear,NSRC_Route,DLinear,mse,14,117,25,7.222117348688536e-05,2.3358173118677053e-05,0.00011855004870854994,0.00264,49999,True,
macro_equities,route_vs_dlinear,NSRC_Route,DLinear,mae,14,117,25,0.0031091324128882706,0.0011284692261021012,0.0050458118131061595,0.00136,49999,True,
macro_equities,route_vs_dlinear,NSRC_Route,DLinear,mape,14,117,25,0.30879695391609635,0.10983407585583567,0.5023943464432474,0.00152,49999,True,
macro_equities,semantic_vs_arm90,NSRC,ARM90,mse,3,117,25,1.3914217258885865e-05,8.91291807414922e-08,2.9981606634052815e-05,0.06678,49999,True,
macro_equities,semantic_vs_arm90,NSRC,ARM90,mae,3,117,25,0.0005375641434195895,0.00011156883002392428,0.0010243957645573337,0.02166,49999,True,
macro_equities,semantic_vs_arm90,NSRC,ARM90,mape,3,117,25,0.05371417269694871,0.011236119177460764,0.10189177190606212,0.02102,49999,True,
macro_equities,semantic_vs_arm90,NSRC,ARM90,mse,7,117,25,1.3914217258885865e-05,1.0745194428835859e-06,2.9467236853606265e-05,0.05496,49999,True,0.2354
macro_equities,semantic_vs_arm90,NSRC,ARM90,mae,7,117,25,0.0005375641434195895,0.0001491343219406696,0.0010035793328023765,0.0155,49999,True,0.135
macro_equities,semantic_vs_arm90,NSRC,ARM90,mape,7,117,25,0.05371417269694871,0.0149913501761415,0.09986219372592645,0.015,49999,True,0.135
macro_equities,semantic_vs_arm90,NSRC,ARM90,mse,14,117,25,1.3914217258885865e-05,4.985388487020628e-06,2.392307818533878e-05,0.00472,49999,True,
macro_equities,semantic_vs_arm90,NSRC,ARM90,mae,14,117,25,0.0005375641434195895,0.00025976545735524056,0.0008232664356449262,0.00018,49999,True,
macro_equities,semantic_vs_arm90,NSRC,ARM90,mape,14,117,25,0.05371417269694871,0.02623960605911817,0.08218483675684223,0.00018,49999,True,
