dataset,method,seed,asset,subset,n,horizon,mse,mae,mape
celebrity,Time-MoE,0,BTC,all,719,1,1.8807619412027456e-05,0.0030623790451813804,0.3059444552154134
celebrity,Time-MoE,0,BTC,all,719,2,4.0046904087184006e-05,0.004605447135150681,0.4597546787571533
celebrity,Time-MoE,0,BTC,all,719,3,6.14719270063598e-05,0.005717338955286315,0.570333478416921
celebrity,Time-MoE,0,BTC,all,719,4,8.358010010122258e-05,0.006710786978624792,0.669052168135523
celebrity,Time-MoE,0,BTC,all,719,5,0.00010656897068534386,0.007650263949461872,0.7625197352606642
celebrity,Time-MoE,0,BTC,all,719,6,0.0001287895955925933,0.008463801196951197,0.843370456485135
celebrity,Time-MoE,0,BTC,all,719,7,0.0001532002682956098,0.009309073151069821,0.9272595062639193
celebrity,Time-MoE,0,BTC,all,719,8,0.00017676353763062535,0.010056490941239995,1.0013700405815555
celebrity,Time-MoE,0,BTC,all,719,9,0.00020039739226336632,0.010702238543806222,1.0651577203569609
celebrity,Time-MoE,0,BTC,all,719,10,0.00022350269881942574,0.011310829489552759,1.1252630865721593
celebrity,Time-MoE,0,BTC,all,719,11,0.00024649890305600096,0.011926650503580362,1.1860779095228962
celebrity,Time-MoE,0,BTC,all,719,12,0.00027047281999610754,0.012490375234288201,1.241681009052568
celebrity,Time-MoE,0,BTC,all,719,13,0.0002937178169251271,0.013007616880706023,1.2927057404873477
celebrity,Time-MoE,0,BTC,all,719,14,0.00031713165816541774,0.013528763833397453,1.3440515090219147
celebrity,Time-MoE,0,BTC,all,719,15,0.00033923700052954,0.014011323286197115,1.3915430741570671
celebrity,Time-MoE,0,BTC,all,719,16,0.00036192603984800125,0.014447136780814435,1.4343246118941382
celebrity,Time-MoE,0,BTC,all,719,17,0.00037992806679096243,0.014765465707208584,1.4655036714852465
celebrity,Time-MoE,0,BTC,all,719,18,0.00039655246962755586,0.015094608275714603,1.4977797326560942
celebrity,Time-MoE,0,BTC,all,719,19,0.0004142340489460882,0.015445105223728653,1.532109323246356
celebrity,Time-MoE,0,BTC,all,719,20,0.00043356845986993305,0.015786931644063,1.5654608582302916
celebrity,Time-MoE,0,BTC,all,719,21,0.00045346050867743626,0.016106650875738832,1.5965113864442748
celebrity,Time-MoE,0,BTC,all,719,22,0.0004746964919196299,0.01640442382642722,1.6252221398188174
celebrity,Time-MoE,0,BTC,all,719,23,0.0004967774464487795,0.016683409873898734,1.6520106053780612
celebrity,Time-MoE,0,BTC,all,719,24,0.0005202677826988638,0.016996315523712627,1.682224724168103
celebrity,Time-MoE,0,BTC,event,163,1,2.0899972109558758e-05,0.003378829707397274,0.3378967920716979
celebrity,Time-MoE,0,BTC,event,163,2,4.917429254351139e-05,0.005328797489587514,0.5322079485387659
celebrity,Time-MoE,0,BTC,event,163,3,7.256873515634941e-05,0.006404501163155023,0.6388749073055953
celebrity,Time-MoE,0,BTC,event,163,4,9.44820538793458e-05,0.00731256549343741,0.7286744849146389
celebrity,Time-MoE,0,BTC,event,163,5,0.00012353693257693976,0.00833467398684449,0.8305173436092156
celebrity,Time-MoE,0,BTC,event,163,6,0.00014103156645538538,0.008974661856341215,0.895007598116346
celebrity,Time-MoE,0,BTC,event,163,7,0.0001893932451505548,0.010451651423986704,1.0405209699101363
celebrity,Time-MoE,0,BTC,event,163,8,0.00021209766949293387,0.011103563513492514,1.1046169058295021
celebrity,Time-MoE,0,BTC,event,163,9,0.00023948924825182506,0.011728122190463762,1.165933091844473
celebrity,Time-MoE,0,BTC,event,163,10,0.00026743493031628645,0.012298390177861314,1.2231538838645135
celebrity,Time-MoE,0,BTC,event,163,11,0.00026106941423932037,0.012148513750064592,1.2087432781089162
celebrity,Time-MoE,0,BTC,event,163,12,0.0003023415074951827,0.013108240314787882,1.303356758549031
celebrity,Time-MoE,0,BTC,event,163,13,0.00032351899345005753,0.013635695346294005,1.355021092970782
celebrity,Time-MoE,0,BTC,event,163,14,0.00033996301187186106,0.014014059780565507,1.3925403983438398
celebrity,Time-MoE,0,BTC,event,163,15,0.00037663173926979755,0.01480637152502142,1.4704405100292763
celebrity,Time-MoE,0,BTC,event,163,16,0.000423019207874794,0.015438783022523658,1.5312010410693713
celebrity,Time-MoE,0,BTC,event,163,17,0.0004310020336416893,0.015652226889791666,1.5539491583983418
celebrity,Time-MoE,0,BTC,event,163,18,0.0004487616945826586,0.016314974591775906,1.6200831037867525
celebrity,Time-MoE,0,BTC,event,163,19,0.00047174197704575476,0.01674958240766467,1.664292790528281
celebrity,Time-MoE,0,BTC,event,163,20,0.0004953672351609386,0.01697388748449782,1.6849240602712332
celebrity,Time-MoE,0,BTC,event,163,21,0.0005233876525818992,0.017592886839907593,1.744471708031483
celebrity,Time-MoE,0,BTC,event,163,22,0.0005302712582106894,0.017572577379963882,1.7431360874868949
celebrity,Time-MoE,0,BTC,event,163,23,0.0005429744690652632,0.017899764096078696,1.7752428415829415
celebrity,Time-MoE,0,BTC,event,163,24,0.0005651299102648089,0.018253975119327474,1.8091518018953834
celebrity,Time-MoE,0,DOGE,all,719,1,0.00011902812319656986,0.007921558096279521,0.791933913373433
celebrity,Time-MoE,0,DOGE,all,719,2,0.0002596274085973683,0.011945272851554011,1.1931201017063737
celebrity,Time-MoE,0,DOGE,all,719,3,0.00040539874501386696,0.015133821417128095,1.509979819776151
celebrity,Time-MoE,0,DOGE,all,719,4,0.0005719988756831721,0.018066678906017618,1.799783476500008
celebrity,Time-MoE,0,DOGE,all,719,5,0.0007546162304882533,0.020600767560064875,2.049549622550682
celebrity,Time-MoE,0,DOGE,all,719,6,0.0009383072675001815,0.022959199087676154,2.282369810677662
celebrity,Time-MoE,0,DOGE,all,719,7,0.0011469959967401208,0.02539968258482359,2.5226197519964457
celebrity,Time-MoE,0,DOGE,all,719,8,0.0013623853351406449,0.027801845600939925,2.7593418776039815
celebrity,Time-MoE,0,DOGE,all,719,9,0.0015776770595156123,0.029997826866049095,2.9746206326088984
celebrity,Time-MoE,0,DOGE,all,719,10,0.0017924936098794694,0.032146842489653736,3.1864835758849983
celebrity,Time-MoE,0,DOGE,all,719,11,0.002013041898194368,0.03405589976131667,3.3732128200066174
celebrity,Time-MoE,0,DOGE,all,719,12,0.00224134881783886,0.03575775338147711,3.538699573038094
celebrity,Time-MoE,0,DOGE,all,719,13,0.002477266755896966,0.03744713222201245,3.7037727365241193
celebrity,Time-MoE,0,DOGE,all,719,14,0.0027005989249097883,0.03899001063823037,3.8545350006595522
celebrity,Time-MoE,0,DOGE,all,719,15,0.0029216948205618935,0.04045522619189076,3.9967342913039174
celebrity,Time-MoE,0,DOGE,all,719,16,0.0031367578983374426,0.041916301668270574,4.139335847874332
celebrity,Time-MoE,0,DOGE,all,719,17,0.003332507484703464,0.0430776440384325,4.251026428123215
celebrity,Time-MoE,0,DOGE,all,719,18,0.0035190138555732716,0.04423437770119297,4.3634482630710805
celebrity,Time-MoE,0,DOGE,all,719,19,0.003722974789201088,0.045342262746229954,4.470431001538496
celebrity,Time-MoE,0,DOGE,all,719,20,0.003929773786185493,0.046427369698032385,4.573864973840748
celebrity,Time-MoE,0,DOGE,all,719,21,0.0041406614177367865,0.04744639142995418,4.669750207332881
celebrity,Time-MoE,0,DOGE,all,719,22,0.004349319344192165,0.04846198858903081,4.765604365506028
celebrity,Time-MoE,0,DOGE,all,719,23,0.004551010675930914,0.04945726843967889,4.8588162050143024
celebrity,Time-MoE,0,DOGE,all,719,24,0.00475418278123808,0.050429809740090405,4.949163239811129
celebrity,Time-MoE,0,DOGE,event,98,1,0.00013489001950359918,0.008479758792993973,0.8530552266272096
celebrity,Time-MoE,0,DOGE,event,98,2,0.00032789246550145795,0.013006691421781267,1.3050760464805253
celebrity,Time-MoE,0,DOGE,event,98,3,0.0003876784464866788,0.015041174937267693,1.5017981909571292
celebrity,Time-MoE,0,DOGE,event,98,4,0.0006234734777927954,0.01823942089567379,1.8148140016438308
celebrity,Time-MoE,0,DOGE,event,98,5,0.0008860112809273273,0.02226985169916737,2.2122823712168342
celebrity,Time-MoE,0,DOGE,event,98,6,0.0012015938002707847,0.0261257211772763,2.6009417123548424
celebrity,Time-MoE,0,DOGE,event,98,7,0.0015925113925947486,0.030020876806609486,2.9765263997839573
celebrity,Time-MoE,0,DOGE,event,98,8,0.001894437140602708,0.032544975986286084,3.226328799296073
celebrity,Time-MoE,0,DOGE,event,98,9,0.002193901985376478,0.03564223343012284,3.545880321861999
celebrity,Time-MoE,0,DOGE,event,98,10,0.0024210946093464318,0.03803096255477594,3.779015282804593
celebrity,Time-MoE,0,DOGE,event,98,11,0.0027216264276281334,0.03949500225028213,3.891754524661492
celebrity,Time-MoE,0,DOGE,event,98,12,0.002955271239612689,0.041499892059637576,4.077999528370976
celebrity,Time-MoE,0,DOGE,event,98,13,0.002998364335908614,0.041279013059577166,4.060746657689368
celebrity,Time-MoE,0,DOGE,event,98,14,0.003568276696951145,0.04519371414671139,4.434912519649108
celebrity,Time-MoE,0,DOGE,event,98,15,0.0038394210303487105,0.04613413798565767,4.527147974069058
celebrity,Time-MoE,0,DOGE,event,98,16,0.0040399349674441545,0.047775620708660205,4.695289991174005
celebrity,Time-MoE,0,DOGE,event,98,17,0.004431738039410635,0.04849614659134222,4.7634309559275385
celebrity,Time-MoE,0,DOGE,event,98,18,0.004650066143255809,0.05059118538486714,4.985152219424058
celebrity,Time-MoE,0,DOGE,event,98,19,0.004674285184262114,0.05087749203857111,5.000237451860079
celebrity,Time-MoE,0,DOGE,event,98,20,0.004917503615126274,0.051903595121539366,5.066004327854703
celebrity,Time-MoE,0,DOGE,event,98,21,0.005259526228507832,0.052863221995684564,5.138062506726185
celebrity,Time-MoE,0,DOGE,event,98,22,0.005427477634833651,0.05412132399422782,5.268291836786695
celebrity,Time-MoE,0,DOGE,event,98,23,0.005421360012915273,0.05451700152183066,5.325335848524434
celebrity,Time-MoE,0,DOGE,event,98,24,0.005712863058425373,0.055946480254737696,5.474481436241946
celebrity,Time-MoE,0,ETH,all,719,1,7.45458130380554e-05,0.006173570149465462,0.6165501558060289
celebrity,Time-MoE,0,ETH,all,719,2,0.00016645351541899348,0.009165015688194519,0.9132096363202027
celebrity,Time-MoE,0,ETH,all,719,3,0.00026420440182464114,0.011704167586871745,1.1642003399911895
celebrity,Time-MoE,0,ETH,all,719,4,0.0003755335831183225,0.013774121006606186,1.36677295657891
celebrity,Time-MoE,0,ETH,all,719,5,0.0004975853331956149,0.015825713874567535,1.5666488062370283
celebrity,Time-MoE,0,ETH,all,719,6,0.0006291858785356331,0.01755978716265343,1.733525231199478
celebrity,Time-MoE,0,ETH,all,719,7,0.0007798522447419223,0.019304786089895828,1.900331094345376
celebrity,Time-MoE,0,ETH,all,719,8,0.0009359040621224963,0.021068486782705335,2.0693541003504166
celebrity,Time-MoE,0,ETH,all,719,9,0.0010829584015880083,0.022561009470710172,2.211329749757009
celebrity,Time-MoE,0,ETH,all,719,10,0.0012493939412900794,0.024062254995895194,2.354063137651901
celebrity,Time-MoE,0,ETH,all,719,11,0.0014184154992439362,0.02546280141665972,2.4861715610280615
celebrity,Time-MoE,0,ETH,all,719,12,0.0015860598606554418,0.02672052764759939,2.6035685519919984
celebrity,Time-MoE,0,ETH,all,719,13,0.001765170792438732,0.0279657247169293,2.718669885450603
celebrity,Time-MoE,0,ETH,all,719,14,0.0019478818613887648,0.029136304978037743,2.8262108162010384
celebrity,Time-MoE,0,ETH,all,719,15,0.0021200717976636563,0.03016581066128939,2.91898185820047
celebrity,Time-MoE,0,ETH,all,719,16,0.002297252822897626,0.031239563715806093,3.0166742388300576
celebrity,Time-MoE,0,ETH,all,719,17,0.002458295953934436,0.03210763631178706,3.09388134019936
celebrity,Time-MoE,0,ETH,all,719,18,0.0026268835380812436,0.03311902077373775,3.1858505623060602
celebrity,Time-MoE,0,ETH,all,719,19,0.0027936742589187795,0.03400618310432275,3.2652785716646244
celebrity,Time-MoE,0,ETH,all,719,20,0.0029523961981742933,0.0348143756638316,3.336493194432424
celebrity,Time-MoE,0,ETH,all,719,21,0.003120881197569338,0.03560525999613034,3.405257653136673
celebrity,Time-MoE,0,ETH,all,719,22,0.003291726587345699,0.03650529253632037,3.4847154584992066
celebrity,Time-MoE,0,ETH,all,719,23,0.003463149354133698,0.03730277889129681,3.5535013908113946
celebrity,Time-MoE,0,ETH,all,719,24,0.0036359485540579405,0.03811955393935775,3.6239567586383896
celebrity,Time-MoE,0,ETH,event,15,1,0.0001673061110861814,0.009104851881663005,0.9050859613121331
celebrity,Time-MoE,0,ETH,event,15,2,0.0002425065626766809,0.011525241533915202,1.1444179215923005
celebrity,Time-MoE,0,ETH,event,15,3,0.0004624948332237958,0.014735503991444906,1.4565088163058824
celebrity,Time-MoE,0,ETH,event,15,4,0.000593029018125435,0.015971835454305014,1.560806419538964
celebrity,Time-MoE,0,ETH,event,15,5,0.0010122727477560526,0.01978022257486979,1.9144021571241
celebrity,Time-MoE,0,ETH,event,15,6,0.0017709302472764439,0.024674832820892334,2.356066864739639
celebrity,Time-MoE,0,ETH,event,15,7,0.0021617973875732352,0.027942240238189697,2.6712418521422006
celebrity,Time-MoE,0,ETH,event,15,8,0.002909280047651445,0.031484460830688475,2.970022653735723
celebrity,Time-MoE,0,ETH,event,15,9,0.003326065075752164,0.034420379002888996,3.254959589340495
celebrity,Time-MoE,0,ETH,event,15,10,0.003398221652762601,0.034783867994944255,3.301391199216121
celebrity,Time-MoE,0,ETH,event,15,11,0.003959211337151913,0.037856908639272054,3.5776834954420154
celebrity,Time-MoE,0,ETH,event,15,12,0.0041444679613978986,0.0391239325205485,3.690435286016003
celebrity,Time-MoE,0,ETH,event,15,13,0.004079831882683512,0.03665784994761149,3.4468148854995784
celebrity,Time-MoE,0,ETH,event,15,14,0.004387222537469882,0.038727800051371254,3.6472837753338925
celebrity,Time-MoE,0,ETH,event,15,15,0.004395621889988632,0.03901242017745972,3.676522063595816
celebrity,Time-MoE,0,ETH,event,15,16,0.005177296739427343,0.04213165044784546,3.9381121519530566
celebrity,Time-MoE,0,ETH,event,15,17,0.006926467748563425,0.04859747886657715,4.475475484145531
celebrity,Time-MoE,0,ETH,event,15,18,0.008632360249185685,0.054284727573394774,4.94567554611905
celebrity,Time-MoE,0,ETH,event,15,19,0.009182366381160515,0.056392153104146324,5.127788551138167
celebrity,Time-MoE,0,ETH,event,15,20,0.010177600090949332,0.05719430843989055,5.138880806095341
celebrity,Time-MoE,0,ETH,event,15,21,0.009071744909784248,0.05641063849131266,5.141510754862816
celebrity,Time-MoE,0,ETH,event,15,22,0.00925800249860842,0.0595917026201884,5.459531363792399
celebrity,Time-MoE,0,ETH,event,15,23,0.009987617898816362,0.06218838691711426,5.676716172513236
celebrity,Time-MoE,0,ETH,event,15,24,0.00915840016243384,0.06291195948918661,5.8111423029291585
celebrity,Time-MoE,0,SOL,all,719,1,6.667541145539731e-05,0.0060609560848443,0.6063086614578648
celebrity,Time-MoE,0,SOL,all,719,2,0.00013990241157201883,0.008837341930670598,0.8836762981192836
celebrity,Time-MoE,0,SOL,all,719,3,0.00021764357030273012,0.01113002796000665,1.1125012713465656
celebrity,Time-MoE,0,SOL,all,719,4,0.000296267206999694,0.013037733308794767,1.3026990135607266
celebrity,Time-MoE,0,SOL,all,719,5,0.000375613314958405,0.01483784472992092,1.4822319727700919
celebrity,Time-MoE,0,SOL,all,719,6,0.00045682997866926923,0.016240660935350187,1.6210791601645613
celebrity,Time-MoE,0,SOL,all,719,7,0.0005451836866256412,0.017730530097521065,1.7687158951685515
celebrity,Time-MoE,0,SOL,all,719,8,0.0006330279970039266,0.01910486763475336,1.904835900947865
celebrity,Time-MoE,0,SOL,all,719,9,0.0007212162531464913,0.020367918326227988,2.0298080753066694
celebrity,Time-MoE,0,SOL,all,719,10,0.0008166679655882373,0.021557453030173736,2.1479887026580164
celebrity,Time-MoE,0,SOL,all,719,11,0.0009119456090608086,0.022760005173000076,2.267219453222029
celebrity,Time-MoE,0,SOL,all,719,12,0.0010063709532287417,0.02387349089926241,2.37722915072966
celebrity,Time-MoE,0,SOL,all,719,13,0.0010998445141323383,0.02484042637868783,2.4726110236390966
celebrity,Time-MoE,0,SOL,all,719,14,0.0011883634960042884,0.02575502267964858,2.562671148823568
celebrity,Time-MoE,0,SOL,all,719,15,0.0012745626195093422,0.026579627738708582,2.6432533933895215
celebrity,Time-MoE,0,SOL,all,719,16,0.001359332343808542,0.027379896030638246,2.721602315205454
celebrity,Time-MoE,0,SOL,all,719,17,0.0014349020602379948,0.028018200264852466,2.783108108022975
celebrity,Time-MoE,0,SOL,all,719,18,0.0015104688533181731,0.02868232947563097,2.8478085126737547
celebrity,Time-MoE,0,SOL,all,719,19,0.0015871731749094666,0.02931366319948178,2.909347917013677
celebrity,Time-MoE,0,SOL,all,719,20,0.001662452075937088,0.02986669076168819,2.9623510415384215
celebrity,Time-MoE,0,SOL,all,719,21,0.001734766888108226,0.03038352197334067,3.011843857538794
celebrity,Time-MoE,0,SOL,all,719,22,0.001806914693877698,0.030882400746803124,3.0593476547358853
celebrity,Time-MoE,0,SOL,all,719,23,0.0018790855115035645,0.031285342652873964,3.0973091091233234
celebrity,Time-MoE,0,SOL,all,719,24,0.001949524938489797,0.03164165175839823,3.1299123523771484
celebrity,Time-MoE,0,SOL,event,12,1,4.624605716478195e-05,0.005552634596824646,0.5531715071136353
celebrity,Time-MoE,0,SOL,event,12,2,0.00011855000946692229,0.008790279428164164,0.8763237583078486
celebrity,Time-MoE,0,SOL,event,12,3,0.0001123270301078468,0.008458370963732401,0.8494203767938209
celebrity,Time-MoE,0,SOL,event,12,4,0.00022864525236846825,0.01278434693813324,1.276822210555596
celebrity,Time-MoE,0,SOL,event,12,5,0.00021303273217624744,0.011948063969612122,1.2005869968308065
celebrity,Time-MoE,0,SOL,event,12,6,0.00032850895078873066,0.014864852031071981,1.5000888912457901
celebrity,Time-MoE,0,SOL,event,12,7,0.0003915158322280732,0.015009914835294088,1.507033684452553
celebrity,Time-MoE,0,SOL,event,12,8,0.00041482973087288616,0.015322595834732056,1.5327996824140222
celebrity,Time-MoE,0,SOL,event,12,9,0.0003858382716712683,0.014296775062878927,1.427561745706332
celebrity,Time-MoE,0,SOL,event,12,10,0.0002829447516002522,0.012473538517951965,1.2532847561618694
celebrity,Time-MoE,0,SOL,event,12,11,0.00043383406484842624,0.015031625827153524,1.5130566190867067
celebrity,Time-MoE,0,SOL,event,12,12,0.0005026337763833766,0.017216265201568604,1.7361407125208028
celebrity,Time-MoE,0,SOL,event,12,13,0.0003933224331813534,0.015305419762929281,1.5386364097771823
celebrity,Time-MoE,0,SOL,event,12,14,0.0004979604142937669,0.01772969961166382,1.78877745198587
celebrity,Time-MoE,0,SOL,event,12,15,0.0005056555001674568,0.017618452509244282,1.771161802528347
celebrity,Time-MoE,0,SOL,event,12,16,0.0005548699261949489,0.019194910923639934,1.9375366359235697
celebrity,Time-MoE,0,SOL,event,12,17,0.00047750404881904035,0.01709837218125661,1.7309949633282582
celebrity,Time-MoE,0,SOL,event,12,18,0.000500815387854144,0.017407849431037903,1.7577624328714734
celebrity,Time-MoE,0,SOL,event,12,19,0.0006089941619065916,0.018796925743420918,1.897117667758935
celebrity,Time-MoE,0,SOL,event,12,20,0.0006914433101362268,0.020575592915217083,2.070427822485505
celebrity,Time-MoE,0,SOL,event,12,21,0.0007138518493355525,0.02035866677761078,2.0505060586949018
celebrity,Time-MoE,0,SOL,event,12,22,0.0009000180999922947,0.023535390694936115,2.3551629745987563
celebrity,Time-MoE,0,SOL,event,12,23,0.000880866413332034,0.023141413927078247,2.3196966462926043
celebrity,Time-MoE,0,SOL,event,12,24,0.0008834993525160447,0.02488027016321818,2.500350651036095
celebrity,Time-MoE,0,Pooled,all,2876,1,6.976424177551251e-05,0.005804615843942666,0.580184296463185
celebrity,Time-MoE,0,Pooled,all,2876,2,0.00015150755991889114,0.008638269401392453,0.8624401787257534
celebrity,Time-MoE,0,Pooled,all,2876,3,0.0002371796610368995,0.010921338979823201,1.0892537273827065
celebrity,Time-MoE,0,Pooled,all,2876,4,0.0003318449414756028,0.01289733005001084,1.2845769036937922
celebrity,Time-MoE,0,Pooled,all,2876,5,0.00043359596233190427,0.0147286475285038,1.4652375342046169
celebrity,Time-MoE,0,Pooled,all,2876,6,0.0005382781800744192,0.016305862095657743,1.620086164631709
celebrity,Time-MoE,0,Pooled,all,2876,7,0.0006563080491008235,0.017936017980827574,1.7797315619435734
celebrity,Time-MoE,0,Pooled,all,2876,8,0.0007770202329744233,0.019507922739909655,1.9337254798709547
celebrity,Time-MoE,0,Pooled,all,2876,9,0.0008955622766283695,0.020907248301698367,2.0702290445073843
celebrity,Time-MoE,0,Pooled,all,2876,10,0.001020514553894303,0.022269345001318858,2.203449625691769
celebrity,Time-MoE,0,Pooled,all,2876,11,0.0011474754773887785,0.023551339213639208,2.3281704359449007
celebrity,Time-MoE,0,Pooled,all,2876,12,0.0012760631129297877,0.024710536790656778,2.44029457120308
celebrity,Time-MoE,0,Pooled,all,2876,13,0.0014089999698482908,0.025815225049583904,2.5469398465252917
celebrity,Time-MoE,0,Pooled,all,2876,14,0.001538493985117065,0.026852525532328534,2.6468671186765182
celebrity,Time-MoE,0,Pooled,all,2876,15,0.0016638915595661079,0.02780299696952146,2.7376281542627443
celebrity,Time-MoE,0,Pooled,all,2876,16,0.001788817276222903,0.028745724548882336,2.8279842534509956
celebrity,Time-MoE,0,Pooled,all,2876,17,0.0019014083914167144,0.029492236580570153,2.898379886957699
celebrity,Time-MoE,0,Pooled,all,2876,18,0.002013229679150061,0.030282584056569074,2.973721767676748
celebrity,Time-MoE,0,Pooled,all,2876,19,0.0021295140679938557,0.031026803568440783,3.0442917033657886
celebrity,Time-MoE,0,Pooled,all,2876,20,0.0022445476300417015,0.031723841941903794,3.1095425170104707
celebrity,Time-MoE,0,Pooled,all,2876,21,0.002362442503022947,0.032385456068791,3.170840776113156
celebrity,Time-MoE,0,Pooled,all,2876,22,0.002480664279333798,0.033063526424645384,3.233722404639984
celebrity,Time-MoE,0,Pooled,all,2876,23,0.002597505747004239,0.0336821999644371,3.2904093275817705
celebrity,Time-MoE,0,Pooled,all,2876,24,0.0027149810141211704,0.034296832740389756,3.346314268748692
celebrity,Time-MoE,0,Pooled,event,288,1,6.836965874125312e-05,0.005503368046548631,0.5517046417437462
celebrity,Time-MoE,0,Pooled,event,288,2,0.00015697593700516845,0.008408374049597316,0.8414218822586425
celebrity,Time-MoE,0,Pooled,event,288,3,0.00020175881404802285,0.00986285362806585,0.9838663519816833
celebrity,Time-MoE,0,Pooled,event,288,4,0.0003060422010636474,0.011709726105133692,1.1644433195206014
celebrity,Time-MoE,0,Pooled,event,288,5,0.0004330073248033855,0.013823185529973771,1.3725731795360523
celebrity,Time-MoE,0,Pooled,event,288,6,0.0005946194405464449,0.015873928036954667,1.57680762489508
celebrity,Time-MoE,0,Pooled,event,288,7,0.0007779943272019486,0.01821151975956228,1.8036720044088321
celebrity,Time-MoE,0,Pooled,event,288,8,0.0009334858242765969,0.019636897784140375,1.9415858124174585
celebrity,Time-MoE,0,Pooled,event,288,9,0.0010713895049593056,0.02115447839928998,2.0954809038253766
celebrity,Time-MoE,0,Pooled,event,288,10,0.0011639855110005105,0.02223302920659383,2.202353700857466
celebrity,Time-MoE,0,Pooled,event,288,11,0.001298152372444535,0.022913024657302432,2.257774408365452
celebrity,Time-MoE,0,Pooled,event,288,12,0.0014135308053518309,0.0242954401506318,2.389865705778949
celebrity,Time-MoE,0,Pooled,event,288,13,0.0014322591954508074,0.02431074447102017,2.3923176069708862
celebrity,Time-MoE,0,Pooled,event,288,14,0.0016558644106593715,0.026065795578890376,2.561736451074643
celebrity,Time-MoE,0,Pooled,event,288,15,0.0017696403778714915,0.026844416020645037,2.6380002679785317
celebrity,Time-MoE,0,Pooled,event,288,16,0.0019068876663155142,0.02798904913167159,2.750160801179648
celebrity,Time-MoE,0,Pooled,event,288,17,0.0021326066811115187,0.02860443749361568,2.8056042302845503
celebrity,Time-MoE,0,Pooled,event,288,18,0.002306770231416936,0.030001535183853574,2.944085922941117
celebrity,Time-MoE,0,Pooled,event,288,19,0.0023611712360292777,0.030512574853168592,2.989532067425616
celebrity,Time-MoE,0,Pooled,event,288,20,0.002512574773262092,0.0311045754286978,3.031386777483431
celebrity,Time-MoE,0,Pooled,event,288,21,0.0025881533111229427,0.031731596837441124,3.088915791998538
celebrity,Time-MoE,0,Pooled,event,288,22,0.0026666572152120624,0.032446250319480896,3.1617316264497606
celebrity,Time-MoE,0,Pooled,event,288,23,0.002708968004047099,0.032884897457228765,3.2091479120716095
celebrity,Time-MoE,0,Pooled,event,288,24,0.0027776206589081617,0.03368192931844129,3.2936189820035713
news,Time-MoE,0,BTC,all,2184,1,1.356194755921098e-05,0.0025076395427464497,0.2507604651775423
news,Time-MoE,0,BTC,all,2184,2,2.9183955565064065e-05,0.0037580193085004626,0.3758299968068946
news,Time-MoE,0,BTC,all,2184,3,4.6029058717070136e-05,0.00478037109836864,0.47809307274057145
news,Time-MoE,0,BTC,all,2184,4,6.414305551881021e-05,0.005671010774484738,0.5670315795170414
news,Time-MoE,0,BTC,all,2184,5,8.324828844476203e-05,0.006493847813386572,0.6492084202507316
news,Time-MoE,0,BTC,all,2184,6,0.00010277074174833563,0.007246558353844806,0.7243468149245572
news,Time-MoE,0,BTC,all,2184,7,0.00012208649114470155,0.007971095582412302,0.7967153027436276
news,Time-MoE,0,BTC,all,2184,8,0.0001409486473993955,0.008628265570266015,0.8623264101935711
news,Time-MoE,0,BTC,all,2184,9,0.00015950337846447132,0.00922443575709173,0.9217742069581775
news,Time-MoE,0,BTC,all,2184,10,0.00017861761944587838,0.009801576915357355,0.9793867149752118
news,Time-MoE,0,BTC,all,2184,11,0.00019652878501010443,0.01030994741692768,1.0300825491725718
news,Time-MoE,0,BTC,all,2184,12,0.00021424044490843885,0.010820857468133627,1.0809649169486852
news,Time-MoE,0,BTC,all,2184,13,0.00023159550733770068,0.011287593090060768,1.1274703516938989
news,Time-MoE,0,BTC,all,2184,14,0.00024858067925164677,0.011733167946403713,1.171837212988953
news,Time-MoE,0,BTC,all,2184,15,0.0002648313925269472,0.01212614922785021,1.2109295997191265
news,Time-MoE,0,BTC,all,2184,16,0.0002806041666759034,0.012519792597176085,1.2500429752508357
news,Time-MoE,0,BTC,all,2184,17,0.000295727781649314,0.012866946467685682,1.2844522521400408
news,Time-MoE,0,BTC,all,2184,18,0.00031057567297229893,0.013196627119720045,1.3171626577176538
news,Time-MoE,0,BTC,all,2184,19,0.0003251177733640211,0.01352084727590066,1.3493160469669672
news,Time-MoE,0,BTC,all,2184,20,0.0003396557172400157,0.013866228925326959,1.3835539485746926
news,Time-MoE,0,BTC,all,2184,21,0.0003538435535206625,0.01415552843532224,1.4121723892984572
news,Time-MoE,0,BTC,all,2184,22,0.0003684797939393706,0.014441929728284834,1.4405281107076038
news,Time-MoE,0,BTC,all,2184,23,0.0003824355075653426,0.014720006893095293,1.468000349099252
news,Time-MoE,0,BTC,all,2184,24,0.0003964571888676417,0.014974117039365539,1.4930655085173885
news,Time-MoE,0,BTC,event,50,1,1.5687042215571273e-05,0.0028935305134546742,0.2898568562651789
news,Time-MoE,0,BTC,event,50,2,4.394418495118054e-05,0.004895839819410434,0.49190668950520106
news,Time-MoE,0,BTC,event,50,3,5.4710209749401255e-05,0.00549144923496324,0.5517821603541448
news,Time-MoE,0,BTC,event,50,4,7.598766481956503e-05,0.006394307018024688,0.6424944357080362
news,Time-MoE,0,BTC,event,50,5,0.00012320717129570924,0.0080467898849741,0.8078010541707549
news,Time-MoE,0,BTC,event,50,6,0.00013621533172882244,0.008732788328818459,0.8782504532018949
news,Time-MoE,0,BTC,event,50,7,0.00014847590130095422,0.009205659345618192,0.9268660145802566
news,Time-MoE,0,BTC,event,50,8,0.0001564324010151561,0.00967704666415957,0.9734823535611445
news,Time-MoE,0,BTC,event,50,9,0.00017349595304457955,0.010164977559321924,1.0183654950908652
news,Time-MoE,0,BTC,event,50,10,0.00018990106636885843,0.010828679182771937,1.0852969071035026
news,Time-MoE,0,BTC,event,50,11,0.0002315492044477482,0.012230163146339795,1.2250575346933466
news,Time-MoE,0,BTC,event,50,12,0.0002385086592877566,0.01277855407347817,1.2775728516574125
news,Time-MoE,0,BTC,event,50,13,0.00023845741057805343,0.012758860514757626,1.2775158692203137
news,Time-MoE,0,BTC,event,50,14,0.00024412159656420705,0.012952013637551486,1.2968460140903315
news,Time-MoE,0,BTC,event,50,15,0.0002554935582991379,0.012951899554814541,1.2945832795509231
news,Time-MoE,0,BTC,event,50,16,0.00025331410984898877,0.01284758626339444,1.2814523964548095
news,Time-MoE,0,BTC,event,50,17,0.0002836028450844933,0.013384470487397371,1.3344278600512762
news,Time-MoE,0,BTC,event,50,18,0.00030126538002383244,0.013978987228824558,1.3945833067407722
news,Time-MoE,0,BTC,event,50,19,0.00032148379033665914,0.013920462197895264,1.3893472923686077
news,Time-MoE,0,BTC,event,50,20,0.00033543201952059975,0.01434596075900179,1.4337507428008567
news,Time-MoE,0,BTC,event,50,21,0.0003018077048539734,0.013778542076368673,1.3754405918717325
news,Time-MoE,0,BTC,event,50,22,0.00030988306963323684,0.01394650636121873,1.3923492877434658
news,Time-MoE,0,BTC,event,50,23,0.00031100471736045455,0.013902309105615542,1.3878534324088767
news,Time-MoE,0,BTC,event,50,24,0.0003433174463274405,0.014001453353406586,1.3958720192410923
news,Time-MoE,0,ETH,all,2184,1,6.0414149999139494e-05,0.005295663167610331,0.5290068150779809
news,Time-MoE,0,ETH,all,2184,2,0.0001370730868984276,0.008187693514322268,0.8171106342051649
news,Time-MoE,0,ETH,all,2184,3,0.00021823610488612156,0.010423274053286448,1.0392916790490632
news,Time-MoE,0,ETH,all,2184,4,0.00030663963321571753,0.012567354292987843,1.2518807690935139
news,Time-MoE,0,ETH,all,2184,5,0.0004048334477995047,0.014621332208455282,1.455702383165575
news,Time-MoE,0,ETH,all,2184,6,0.0005101642335271788,0.016603367472490877,1.6521227911341982
news,Time-MoE,0,ETH,all,2184,7,0.0006171502870898292,0.018451436051693897,1.8353644238417224
news,Time-MoE,0,ETH,all,2184,8,0.0007213045390853754,0.020050129091115393,1.9934682003260094
news,Time-MoE,0,ETH,all,2184,9,0.0008208450823393806,0.021560529937912434,2.142340920801708
news,Time-MoE,0,ETH,all,2184,10,0.0009229324359777183,0.02297510660746716,2.28191684080936
news,Time-MoE,0,ETH,all,2184,11,0.0010238934752074488,0.024228595029570706,2.405194352737729
news,Time-MoE,0,ETH,all,2184,12,0.0011261432708394264,0.02548245167336304,2.528065104600598
news,Time-MoE,0,ETH,all,2184,13,0.0012256234458855662,0.026672283773169592,2.6441773533403756
news,Time-MoE,0,ETH,all,2184,14,0.0013271492419375044,0.02777491684652804,2.7514095982112896
news,Time-MoE,0,ETH,all,2184,15,0.0014287419006295857,0.028893303339321417,2.8603300695182567
news,Time-MoE,0,ETH,all,2184,16,0.0015302988439775938,0.029908987910787485,2.958602333527233
news,Time-MoE,0,ETH,all,2184,17,0.0016271671762615157,0.030876635227977515,3.052033700746886
news,Time-MoE,0,ETH,all,2184,18,0.0017191299765605703,0.03173957218147159,3.1353827191272616
news,Time-MoE,0,ETH,all,2184,19,0.001807778320035898,0.03257164837236779,3.2153836842858152
news,Time-MoE,0,ETH,all,2184,20,0.0019011192093659468,0.03341720127494234,3.296831466054382
news,Time-MoE,0,ETH,all,2184,21,0.0019929674600097287,0.03425865066689647,3.3776044806733947
news,Time-MoE,0,ETH,all,2184,22,0.002085515990851253,0.035029838626824246,3.4513153314043885
news,Time-MoE,0,ETH,all,2184,23,0.0021774524936305707,0.035793128897284955,3.524281251869485
news,Time-MoE,0,ETH,all,2184,24,0.0022727459267604345,0.036574642261087136,3.599156902466571
news,Time-MoE,0,ETH,event,10,1,2.1014230384878576e-05,0.0037165097771694857,0.3718018673613563
news,Time-MoE,0,ETH,event,10,2,0.00017455250846049204,0.008127203254196058,0.7999795150307283
news,Time-MoE,0,ETH,event,10,3,0.0001553410933929528,0.009029009397583465,0.893201685191784
news,Time-MoE,0,ETH,event,10,4,0.00021186537319660566,0.010924185031084388,1.0789021174548221
news,Time-MoE,0,ETH,event,10,5,0.00045911338111227757,0.017711543877538927,1.7408138390943466
news,Time-MoE,0,ETH,event,10,6,0.0005536906924286147,0.019197548714593848,1.8831213040318358
news,Time-MoE,0,ETH,event,10,7,0.0007228315005857053,0.022605414298881042,2.21199187730088
news,Time-MoE,0,ETH,event,10,8,0.0008650488933202316,0.0239201636847756,2.347356069378054
news,Time-MoE,0,ETH,event,10,9,0.0010847256759321051,0.0269959234111083,2.6565097201177124
news,Time-MoE,0,ETH,event,10,10,0.0012695758747795446,0.026447687848169022,2.576834236385573
news,Time-MoE,0,ETH,event,10,11,0.0014321465512683452,0.028469745318517405,2.772005042524289
news,Time-MoE,0,ETH,event,10,12,0.0017805523839858554,0.03305189193857864,3.217149160147558
news,Time-MoE,0,ETH,event,10,13,0.0016796708360744424,0.03328757667421924,3.245313870231283
news,Time-MoE,0,ETH,event,10,14,0.0016705548294545704,0.03192419533490165,3.0993070758067516
news,Time-MoE,0,ETH,event,10,15,0.0018184203137136148,0.033385583510335604,3.2323682422754167
news,Time-MoE,0,ETH,event,10,16,0.001896526230848217,0.03385068377438825,3.273231893990882
news,Time-MoE,0,ETH,event,10,17,0.0021978351630272267,0.036830754139946895,3.554307435075368
news,Time-MoE,0,ETH,event,10,18,0.002184772730859483,0.038381344545233384,3.7186081691086
news,Time-MoE,0,ETH,event,10,19,0.00222294822133942,0.03851444666704453,3.7243388827216393
news,Time-MoE,0,ETH,event,10,20,0.0022497348633778867,0.03790664598482217,3.6620431349126554
news,Time-MoE,0,ETH,event,10,21,0.0028490671438643417,0.03953833994743931,3.7857136294622498
news,Time-MoE,0,ETH,event,10,22,0.0028651284779342588,0.04058290347636182,3.889148790658477
news,Time-MoE,0,ETH,event,10,23,0.002811563032507414,0.04050541683311086,3.8925959485795447
news,Time-MoE,0,ETH,event,10,24,0.0031892799600970927,0.0432383699456117,4.1712229536303935
news,Time-MoE,0,SOL,all,2184,1,6.990101890297259e-05,0.006021467194528691,0.6018437163746002
news,Time-MoE,0,SOL,all,2184,2,0.00015217571944711882,0.00905247092297344,0.9042810739156045
news,Time-MoE,0,SOL,all,2184,3,0.00023924314655135733,0.011539403359959087,1.152234828798609
news,Time-MoE,0,SOL,all,2184,4,0.0003326674674306019,0.01371814676093293,1.368793676686024
news,Time-MoE,0,SOL,all,2184,5,0.0004327673939565733,0.015754620731874534,1.5717746346030401
news,Time-MoE,0,SOL,all,2184,6,0.000537114268554009,0.017620434283984934,1.7576505806468192
news,Time-MoE,0,SOL,all,2184,7,0.0006393973544465669,0.019399404393698107,1.9349896433590836
news,Time-MoE,0,SOL,all,2184,8,0.0007394237962922633,0.021017975449447134,2.0966228243743164
news,Time-MoE,0,SOL,all,2184,9,0.000838302106255673,0.022549781849923886,2.249445742291108
news,Time-MoE,0,SOL,all,2184,10,0.000942528014865784,0.023920967753799156,2.3862175213143493
news,Time-MoE,0,SOL,all,2184,11,0.0010425923854545268,0.02517285342326338,2.5106820872322793
news,Time-MoE,0,SOL,all,2184,12,0.001138925428521662,0.02637328695825063,2.629979618704604
news,Time-MoE,0,SOL,all,2184,13,0.0012344676969354654,0.02747227010811634,2.7388889873341427
news,Time-MoE,0,SOL,all,2184,14,0.0013281318770981692,0.02857143334149603,2.8477865934207967
news,Time-MoE,0,SOL,all,2184,15,0.0014224058910508798,0.029623798716385888,2.9517233775701657
news,Time-MoE,0,SOL,all,2184,16,0.0015153171479446626,0.03065769245082154,3.0537854000675906
news,Time-MoE,0,SOL,all,2184,17,0.0016021266590910042,0.031563215763756675,3.142929911508868
news,Time-MoE,0,SOL,all,2184,18,0.0016865586231708367,0.0324059796783374,3.225886066044247
news,Time-MoE,0,SOL,all,2184,19,0.0017658132844354877,0.03326031239000165,3.309772218403485
news,Time-MoE,0,SOL,all,2184,20,0.0018426253959947048,0.03404584659526023,3.3864783675764922
news,Time-MoE,0,SOL,all,2184,21,0.0019131553312047482,0.034746200165137686,3.454725315477086
news,Time-MoE,0,SOL,all,2184,22,0.0019892210801066446,0.03546654542719602,3.525313602531249
news,Time-MoE,0,SOL,all,2184,23,0.002061155807423499,0.03617052056870617,3.593890276221831
news,Time-MoE,0,SOL,all,2184,24,0.0021309976072512796,0.03684533943645066,3.659558688278814
news,Time-MoE,0,SOL,event,1,1,1.0549747735148875e-05,0.0032480375205882206,0.3260843026043121
news,Time-MoE,0,SOL,event,1,2,3.6165647288801365e-06,0.0019017267755595535,0.1908193837357041
news,Time-MoE,0,SOL,event,1,3,5.0991936915314916e-05,0.007140863877383108,0.7205988742015883
news,Time-MoE,0,SOL,event,1,4,3.737383525475485e-05,0.006113414369626424,0.6166825467602864
news,Time-MoE,0,SOL,event,1,5,7.160384802071048e-05,0.008461905696751204,0.8564650168621808
news,Time-MoE,0,SOL,event,1,6,0.00011734877857809973,0.010832764124548255,1.099722856814087
news,Time-MoE,0,SOL,event,1,7,0.00015070089199261446,0.012276029162258228,1.2481491336061816
news,Time-MoE,0,SOL,event,1,8,0.00032105296234757874,0.01791795084119774,1.8326095636149915
news,Time-MoE,0,SOL,event,1,9,0.0002340217764881943,0.015297770311002656,1.560073800259098
news,Time-MoE,0,SOL,event,1,10,1.969326003253894e-05,0.00443770887199002,0.4475265568351461
news,Time-MoE,0,SOL,event,1,11,9.47120378704366e-05,0.009732010987994033,0.98630657646833
news,Time-MoE,0,SOL,event,1,12,5.629204817627872e-06,0.0023725945329170495,0.2385685063687728
news,Time-MoE,0,SOL,event,1,13,8.183634369337723e-06,0.0028607052223774687,0.2877111366053928
news,Time-MoE,0,SOL,event,1,14,1.147424148174696e-05,0.003387364976164653,0.3384451896905387
news,Time-MoE,0,SOL,event,1,15,8.22927681342312e-06,0.002868671611290341,0.2883563325705734
news,Time-MoE,0,SOL,event,1,16,2.2440162204308353e-05,0.004737104833578032,0.47699497183999795
news,Time-MoE,0,SOL,event,1,17,0.0002797002002980226,0.016724239901951377,1.704704148365269
news,Time-MoE,0,SOL,event,1,18,0.0001961572826448819,0.014005616110863595,1.423224172551486
news,Time-MoE,0,SOL,event,1,19,7.902984202399913e-05,0.008889873003817272,0.8985094022833802
news,Time-MoE,0,SOL,event,1,20,0.00025036492096087347,0.0158229239068155,1.6100959738547915
news,Time-MoE,0,SOL,event,1,21,0.000794784484209035,0.028191922321988527,2.9048259189814574
news,Time-MoE,0,SOL,event,1,22,0.0006846625245913599,0.026166056726059428,2.690121279136766
news,Time-MoE,0,SOL,event,1,23,0.000913829018242274,0.030229604996464543,3.12049159972945
news,Time-MoE,0,SOL,event,1,24,0.0005224437424777213,0.022857028294984483,2.341374877255009
news,Time-MoE,0,DOGE,all,2184,1,9.748745753972331e-05,0.007016967838318658,0.7012672522596987
news,Time-MoE,0,DOGE,all,2184,2,0.00021422541667903274,0.010555400898713534,1.0546708641540243
news,Time-MoE,0,DOGE,all,2184,3,0.00033698317918020313,0.01329905213653626,1.3283079498080168
news,Time-MoE,0,DOGE,all,2184,4,0.0004679922538965432,0.015832344037182144,1.5803299359368523
news,Time-MoE,0,DOGE,all,2184,5,0.0006097282936618484,0.018240384864202857,1.819914110693504
news,Time-MoE,0,DOGE,all,2184,6,0.0007509106738063016,0.02035587109373112,2.0296673576016477
news,Time-MoE,0,DOGE,all,2184,7,0.0008915225055733609,0.022307357461023553,2.2235925383854447
news,Time-MoE,0,DOGE,all,2184,8,0.0010314423536022703,0.02415464923705682,2.4070335117225836
news,Time-MoE,0,DOGE,all,2184,9,0.0011642423247661667,0.025809348263992563,2.5714751148716424
news,Time-MoE,0,DOGE,all,2184,10,0.0013063055370728998,0.02749831797972696,2.739844977052929
news,Time-MoE,0,DOGE,all,2184,11,0.0014472210911193936,0.02902536635186647,2.892177994413745
news,Time-MoE,0,DOGE,all,2184,12,0.0015842229020013605,0.03046026503529716,3.0348484007075345
news,Time-MoE,0,DOGE,all,2184,13,0.0017226413951212805,0.03180665374561431,3.168454786710276
news,Time-MoE,0,DOGE,all,2184,14,0.00185778533281609,0.03309171769779884,3.2957436467567613
news,Time-MoE,0,DOGE,all,2184,15,0.001992700803238784,0.03437666987777375,3.42339243857397
news,Time-MoE,0,DOGE,all,2184,16,0.002128989497475901,0.035590852684571316,3.5429837326903977
news,Time-MoE,0,DOGE,all,2184,17,0.002258554487928797,0.036686988219099145,3.6506199978305323
news,Time-MoE,0,DOGE,all,2184,18,0.002381655746002385,0.037740068929194966,3.7549053263436893
news,Time-MoE,0,DOGE,all,2184,19,0.0025072900652562216,0.038714224520152225,3.8508923130487283
news,Time-MoE,0,DOGE,all,2184,20,0.002634038440107363,0.03974538601904893,3.9519114176287857
news,Time-MoE,0,DOGE,all,2184,21,0.002759191281602096,0.04064763428599542,4.03968866134718
news,Time-MoE,0,DOGE,all,2184,22,0.0028846226952331435,0.04153322996951056,4.1258710158649015
news,Time-MoE,0,DOGE,all,2184,23,0.0030093091329428147,0.04241803406145628,4.211935013979014
news,Time-MoE,0,DOGE,all,2184,24,0.0031321981342475585,0.04325951911181647,4.293682568218851
news,Time-MoE,0,Pooled,all,8736,1,6.0341143500261584e-05,0.005210434435801032,0.5207195622224555
news,Time-MoE,0,Pooled,all,8736,2,0.00013316454464741082,0.007888396161127426,0.787973142270422
news,Time-MoE,0,Pooled,all,8736,3,0.000210122872333688,0.01001052516203761,0.9994818825990651
news,Time-MoE,0,Pooled,all,8736,4,0.0002928606025154182,0.011947213966396916,1.192008990308358
news,Time-MoE,0,Pooled,all,8736,5,0.00038264435596567216,0.013777546404479812,1.3741498871782127
news,Time-MoE,0,Pooled,all,8736,6,0.00047523997940895625,0.015456557801012938,1.5409468860768056
news,Time-MoE,0,Pooled,all,8736,7,0.0005675391595636146,0.01703232337220696,1.6976654770824693
news,Time-MoE,0,Pooled,all,8736,8,0.0006582798340948262,0.018462754836971337,1.8398627366541203
news,Time-MoE,0,Pooled,all,8736,9,0.0007457232229564229,0.01978602395223015,1.9712589962306586
news,Time-MoE,0,Pooled,all,8736,10,0.0008375959018405702,0.021048992314087658,2.0968415135379628
news,Time-MoE,0,Pooled,all,8736,11,0.0009275589341978685,0.02218419055540706,2.2095342458890808
news,Time-MoE,0,Pooled,all,8736,12,0.0010158830115677218,0.023284215283761116,2.318464510240356
news,Time-MoE,0,Pooled,all,8736,13,0.0011035820113200034,0.024309700179240255,2.4197478697696733
news,Time-MoE,0,Pooled,all,8736,14,0.0011904117827758525,0.02529280895805665,2.5166942628444495
news,Time-MoE,0,Pooled,all,8736,15,0.0012771699968615493,0.026254980290332814,2.6115938713453795
news,Time-MoE,0,Pooled,all,8736,16,0.0013638024140185151,0.027169331410839104,2.701353610384014
news,Time-MoE,0,Pooled,all,8736,17,0.0014458940262326578,0.02799844641962975,2.782508965556582
news,Time-MoE,0,Pooled,all,8736,18,0.0015244800046765232,0.028770561977181003,2.8583341923082126
news,Time-MoE,0,Pooled,all,8736,19,0.001601499860772907,0.029516758139605585,2.9313410656762486
news,Time-MoE,0,Pooled,all,8736,20,0.0016793596906770076,0.030268665703644615,3.0046937999585883
news,Time-MoE,0,Pooled,all,8736,21,0.0017547894065843088,0.030952003388337954,3.071047711699029
news,Time-MoE,0,Pooled,all,8736,22,0.001831959890032603,0.03161788593795391,3.1357570151270355
news,Time-MoE,0,Pooled,all,8736,23,0.0019075882353905566,0.032275422605135676,3.1995267227923954
news,Time-MoE,0,Pooled,all,8736,24,0.0019830997142817283,0.032913404462179954,3.261365916870406
news,Time-MoE,0,Pooled,event,61,1,1.6476133809221285e-05,0.0030342567371314227,0.303884357204538
news,Time-MoE,0,Pooled,event,61,2,6.469427699824308e-05,0.005376487709640031,0.5374745739230007
news,Time-MoE,0,Pooled,event,61,3,7.114612062811321e-05,0.006098416714776717,0.6105200613742077
news,Time-MoE,0,Pooled,event,61,4,9.76296853803125e-05,0.007132305173470569,0.7136135328968906
news,Time-MoE,0,Pooled,event,61,5,0.00017742780694965488,0.00963798096263681,0.9615517396121868
news,Time-MoE,0,Pooled,event,61,6,0.00020434462769353064,0.010482748651006717,1.0466140747086423
news,Time-MoE,0,Pooled,event,61,7,0.00024266903217864556,0.011452674416917675,1.1428093218955377
news,Time-MoE,0,Pooled,event,61,8,0.00027529773682471634,0.01214708067044151,1.2127916054992256
news,Time-MoE,0,Pooled,event,61,9,0.00032387010144324955,0.01300829315390462,1.2957941927209753
news,Time-MoE,0,Pooled,event,61,10,0.0003641066446929656,0.013284402401512739,1.3193559717355083
news,Time-MoE,0,Pooled,event,61,11,0.0004261252093924804,0.01485143641787144,1.4747415366619434
news,Time-MoE,0,Pooled,event,61,12,0.00048748501654203295,0.01593146258348544,1.5785033227986065
news,Time-MoE,0,Pooled,event,61,13,0.00047094692662322024,0.015961958978728708,1.5838793983595723
news,Time-MoE,0,Pooled,event,61,14,0.0004741492190858657,0.015905409839389432,1.576619945119256
news,Time-MoE,0,Pooled,event,61,15,0.0005076575463755158,0.016136384991071697,1.5957574218503425
news,Time-MoE,0,Pooled,event,61,16,0.0005189083272645233,0.016157758290937418,1.594785798926054
news,Time-MoE,0,Pooled,event,61,17,0.0005973474440130319,0.017282873863463753,1.70441264756857
news,Time-MoE,0,Pooled,event,61,18,0.0006083139933185465,0.0179798102131873,1.7760405114864937
news,Time-MoE,0,Pooled,event,61,19,0.0006292246159385436,0.017869794255229932,1.764086276195576
news,Time-MoE,0,Pooled,event,61,20,0.00064785761525852,0.0182325806836906,1.8019354830003962
news,Time-MoE,0,Pooled,event,61,21,0.0007274728059926412,0.01823774468221009,1.795639209953944
news,Time-MoE,0,Pooled,event,61,22,0.0007349196850097671,0.018513449336895315,1.822935632342538
news,Time-MoE,0,Pooled,event,61,23,0.0007308146755957234,0.01853113489521886,1.826870864032274
news,Time-MoE,0,Pooled,event,61,24,0.0008128051747511585,0.018939563859367715,1.866347629108419
macro_crypto,Time-MoE,0,BTC,all,1415,1,3.1785890756739e-05,0.0037122883139566482,0.3718201275521469
macro_crypto,Time-MoE,0,BTC,all,1415,2,7.013420482017882e-05,0.005718544093964378,0.5731743460048633
macro_crypto,Time-MoE,0,BTC,all,1415,3,0.0001142046495023237,0.007326114346197553,0.7350554939234816
macro_crypto,Time-MoE,0,BTC,all,1415,4,0.00016218138460916042,0.00884684134709119,0.888304015093193
macro_crypto,Time-MoE,0,BTC,all,1415,5,0.0002135395635985367,0.010253643441958478,1.0300855439907446
macro_crypto,Time-MoE,0,BTC,all,1415,6,0.00026505021581713594,0.011561413704295883,1.1620075677996582
macro_crypto,Time-MoE,0,BTC,all,1415,7,0.0003136586194329215,0.012681852002025915,1.275226031399648
macro_crypto,Time-MoE,0,BTC,all,1415,8,0.00036035595845939847,0.013696002412600567,1.377760695240241
macro_crypto,Time-MoE,0,BTC,all,1415,9,0.0004084425890305953,0.014642681881732738,1.4736174416439745
macro_crypto,Time-MoE,0,BTC,all,1415,10,0.0004546367711420245,0.015495705014825289,1.5604020746907232
macro_crypto,Time-MoE,0,BTC,all,1415,11,0.0004957338256062346,0.01619168958057363,1.6313821725225217
macro_crypto,Time-MoE,0,BTC,all,1415,12,0.0005359423053160249,0.016860066496441305,1.6994940655627409
macro_crypto,Time-MoE,0,BTC,all,1415,13,0.0005750472965970897,0.017503507651204356,1.7652186906074459
macro_crypto,Time-MoE,0,BTC,all,1415,14,0.0006131506340067899,0.018041980182324197,1.8205195000116068
macro_crypto,Time-MoE,0,BTC,all,1415,15,0.0006509244317266953,0.018602338949277628,1.8779976778579943
macro_crypto,Time-MoE,0,BTC,all,1415,16,0.0006868722706951838,0.019124942617787067,1.9315268527443248
macro_crypto,Time-MoE,0,BTC,all,1415,17,0.0007218966786776314,0.01965249364030656,1.9854045427611011
macro_crypto,Time-MoE,0,BTC,all,1415,18,0.0007576540411043084,0.020166558932921068,2.0380466902790952
macro_crypto,Time-MoE,0,BTC,all,1415,19,0.0007886800248973857,0.020624142822022993,2.0849126147814476
macro_crypto,Time-MoE,0,BTC,all,1415,20,0.0008198441473104781,0.021077056276503383,2.131275442877509
macro_crypto,Time-MoE,0,BTC,all,1415,21,0.000850084780689781,0.021489381958654828,2.173427225297066
macro_crypto,Time-MoE,0,BTC,all,1415,22,0.0008800889693213334,0.021898717004081806,2.215311158536215
macro_crypto,Time-MoE,0,BTC,all,1415,23,0.0009091512218427845,0.02232443052130116,2.2586722547665934
macro_crypto,Time-MoE,0,BTC,all,1415,24,0.0009377951742810132,0.022772581880589678,2.3041768003776606
macro_crypto,Time-MoE,0,BTC,event,41,1,5.143221408553145e-05,0.0049853470267319094,0.49999772791222746
macro_crypto,Time-MoE,0,BTC,event,41,2,0.00012502157764255733,0.008285964407571933,0.8269477970292045
macro_crypto,Time-MoE,0,BTC,event,41,3,0.0002286960718773223,0.010411857104882962,1.042268969496414
macro_crypto,Time-MoE,0,BTC,event,41,4,0.0002744799740768729,0.012067951807161657,1.2062526766097774
macro_crypto,Time-MoE,0,BTC,event,41,5,0.0003158305625639284,0.01297553283412282,1.300292565080436
macro_crypto,Time-MoE,0,BTC,event,41,6,0.0003280136061568601,0.013388495619704083,1.3418202655609985
macro_crypto,Time-MoE,0,BTC,event,41,7,0.0003835985724897912,0.015220075118832471,1.5231729692722837
macro_crypto,Time-MoE,0,BTC,event,41,8,0.0003981010343929508,0.015555271288243735,1.5531139791688988
macro_crypto,Time-MoE,0,BTC,event,41,9,0.00038052161672366626,0.01565856323009584,1.5585621246036139
macro_crypto,Time-MoE,0,BTC,event,41,10,0.0004940919127166896,0.017217585226384606,1.7192236435637342
macro_crypto,Time-MoE,0,BTC,event,41,11,0.0006301697531941144,0.019218094465209216,1.9234050323332836
macro_crypto,Time-MoE,0,BTC,event,41,12,0.0006694324531128355,0.01971923868830611,1.9721790282111709
macro_crypto,Time-MoE,0,BTC,event,41,13,0.0007864469699488275,0.02152185469138913,2.1542040823572837
macro_crypto,Time-MoE,0,BTC,event,41,14,0.0008285070303262036,0.021833281691481427,2.1868298724735706
macro_crypto,Time-MoE,0,BTC,event,41,15,0.0008771455339871112,0.02255070209503174,2.259886153846333
macro_crypto,Time-MoE,0,BTC,event,41,16,0.0010029448459676945,0.024195781568201576,2.4289938873001105
macro_crypto,Time-MoE,0,BTC,event,41,17,0.0011283288223959205,0.02516484260559082,2.5319760523543686
macro_crypto,Time-MoE,0,BTC,event,41,18,0.001344189440677953,0.026250203935111443,2.6601819372137236
macro_crypto,Time-MoE,0,BTC,event,41,19,0.0013310704152965133,0.02620453805458255,2.6599065739558125
macro_crypto,Time-MoE,0,BTC,event,41,20,0.0013718718038493016,0.026611488039900617,2.707990331047523
macro_crypto,Time-MoE,0,BTC,event,41,21,0.0012947809929746911,0.026774335198286103,2.7170982485010238
macro_crypto,Time-MoE,0,BTC,event,41,22,0.001262516861141484,0.026298175497752863,2.671621775063634
macro_crypto,Time-MoE,0,BTC,event,41,23,0.0012379642979906313,0.02646655716547152,2.6807874709599946
macro_crypto,Time-MoE,0,BTC,event,41,24,0.0014261473463006923,0.028218565917596583,2.8621403752534733
macro_crypto,Time-MoE,0,ETH,all,1415,1,6.954985822079828e-05,0.005474655451285965,0.5486873244465813
macro_crypto,Time-MoE,0,ETH,all,1415,2,0.00016068091501036504,0.008388646541972885,0.842041235288213
macro_crypto,Time-MoE,0,ETH,all,1415,3,0.000260404513267252,0.01082595843729619,1.0881315948002486
macro_crypto,Time-MoE,0,ETH,all,1415,4,0.0003689370442362905,0.01311401128768921,1.3197010406787568
macro_crypto,Time-MoE,0,ETH,all,1415,5,0.0004782111704229897,0.01511330010612946,1.5220147243046294
macro_crypto,Time-MoE,0,ETH,all,1415,6,0.000589004373623914,0.01694321750330841,1.7073335144474546
macro_crypto,Time-MoE,0,ETH,all,1415,7,0.0006912997640467941,0.018528089590712907,1.8679492693358708
macro_crypto,Time-MoE,0,ETH,all,1415,8,0.0007900300053638842,0.019980740210192784,2.015022604346296
macro_crypto,Time-MoE,0,ETH,all,1415,9,0.0008861675041456404,0.021413657732650165,2.160204274314926
macro_crypto,Time-MoE,0,ETH,all,1415,10,0.0009816739852865706,0.022608045554413814,2.28206532618191
macro_crypto,Time-MoE,0,ETH,all,1415,11,0.0010711887176558538,0.023779032171404403,2.4015403978880783
macro_crypto,Time-MoE,0,ETH,all,1415,12,0.001158323940691981,0.024912804512590064,2.517175984272882
macro_crypto,Time-MoE,0,ETH,all,1415,13,0.00124454814834676,0.02594057553227293,2.622655579050321
macro_crypto,Time-MoE,0,ETH,all,1415,14,0.001328253253651935,0.02683537726688722,2.7148669211859464
macro_crypto,Time-MoE,0,ETH,all,1415,15,0.0014110863413052818,0.02769998008707808,2.804014451602751
macro_crypto,Time-MoE,0,ETH,all,1415,16,0.0014911327072688458,0.02850629883183186,2.887685003744208
macro_crypto,Time-MoE,0,ETH,all,1415,17,0.0015676378467330968,0.02931617169835121,2.9716725941077473
macro_crypto,Time-MoE,0,ETH,all,1415,18,0.0016441978305943,0.03014087567481051,3.0573781042775194
macro_crypto,Time-MoE,0,ETH,all,1415,19,0.001716241225864954,0.0309514502754481,3.1413550542086583
macro_crypto,Time-MoE,0,ETH,all,1415,20,0.001788548783623942,0.03171055055759821,3.219892592735908
macro_crypto,Time-MoE,0,ETH,all,1415,21,0.0018568869982813236,0.03241357832831123,3.2927646572931146
macro_crypto,Time-MoE,0,ETH,all,1415,22,0.0019268733510619785,0.03310456781421028,3.363789281338203
macro_crypto,Time-MoE,0,ETH,all,1415,23,0.0019949997903697075,0.03377202614457363,3.43225895161096
macro_crypto,Time-MoE,0,ETH,all,1415,24,0.002063565407354179,0.034465095895760474,3.5036461034942423
macro_crypto,Time-MoE,0,ETH,event,41,1,0.00017381361430696807,0.0089455246925354,0.8939701450496753
macro_crypto,Time-MoE,0,ETH,event,41,2,0.00037463948868408144,0.013707347032500476,1.3668234323137587
macro_crypto,Time-MoE,0,ETH,event,41,3,0.0006428397414333423,0.01862280252503186,1.8660219213886937
macro_crypto,Time-MoE,0,ETH,event,41,4,0.0008236526616263661,0.02312267262761186,2.315627164722689
macro_crypto,Time-MoE,0,ETH,event,41,5,0.000860257079582664,0.023610288050116564,2.3692991210411973
macro_crypto,Time-MoE,0,ETH,event,41,6,0.000884925200139719,0.023625379655419325,2.371937190521167
macro_crypto,Time-MoE,0,ETH,event,41,7,0.001096896670295214,0.026312518410566376,2.6393914506823872
macro_crypto,Time-MoE,0,ETH,event,41,8,0.0010623666634967564,0.026247124846388654,2.6270345061350193
macro_crypto,Time-MoE,0,ETH,event,41,9,0.0010466043379445704,0.02602043529836143,2.597094213359179
macro_crypto,Time-MoE,0,ETH,event,41,10,0.0012534145107546502,0.02777921281209806,2.7813984036029256
macro_crypto,Time-MoE,0,ETH,event,41,11,0.0015231582822879167,0.030772832835592876,3.0859105190441407
macro_crypto,Time-MoE,0,ETH,event,41,12,0.0014811016384349265,0.030081030799121392,3.011814533881658
macro_crypto,Time-MoE,0,ETH,event,41,13,0.0016203489858157018,0.03166627593156768,3.1740329191070558
macro_crypto,Time-MoE,0,ETH,event,41,14,0.0018391361135397996,0.03485001005777499,3.4956662400579197
macro_crypto,Time-MoE,0,ETH,event,41,15,0.0019869126959143903,0.03625683522805935,3.6417662068932857
macro_crypto,Time-MoE,0,ETH,event,41,16,0.0021964909545548316,0.03776340659071759,3.8101911608389374
macro_crypto,Time-MoE,0,ETH,event,41,17,0.002258720734750787,0.038359685641963306,3.870121494631903
macro_crypto,Time-MoE,0,ETH,event,41,18,0.002640613907044536,0.040979581635172777,4.159173177466359
macro_crypto,Time-MoE,0,ETH,event,41,19,0.0024756824532384354,0.03991900566147595,4.057356381319473
macro_crypto,Time-MoE,0,ETH,event,41,20,0.002515764951865164,0.04096631160596522,4.165204128290374
macro_crypto,Time-MoE,0,ETH,event,41,21,0.0025164325330394614,0.04228286626862317,4.2943088151711315
macro_crypto,Time-MoE,0,ETH,event,41,22,0.0025446052872381514,0.04162791589411294,4.2326333757090495
macro_crypto,Time-MoE,0,ETH,event,41,23,0.0024800245469163043,0.041329145431518555,4.196071017296803
macro_crypto,Time-MoE,0,ETH,event,41,24,0.0028980640895638586,0.04467606108363082,4.533560730805178
macro_crypto,Time-MoE,0,SOL,all,1415,1,8.081781398742259e-05,0.0060856576100676305,0.6099624122001795
macro_crypto,Time-MoE,0,SOL,all,1415,2,0.0001771681316230956,0.009166225401335807,0.9204711182758328
macro_crypto,Time-MoE,0,SOL,all,1415,3,0.00028010853192098967,0.011638861031077355,1.170295107774046
macro_crypto,Time-MoE,0,SOL,all,1415,4,0.0003879905885819671,0.013811320382377706,1.3903927339457187
macro_crypto,Time-MoE,0,SOL,all,1415,5,0.0004950357561718649,0.015880401058668805,1.6001135539951985
macro_crypto,Time-MoE,0,SOL,all,1415,6,0.0006053181481676431,0.017777727054622907,1.7927128671272332
macro_crypto,Time-MoE,0,SOL,all,1415,7,0.0007058616910429803,0.019429806896317552,1.960708337811683
macro_crypto,Time-MoE,0,SOL,all,1415,8,0.0008036046759731197,0.0208545624577957,2.1060139556305515
macro_crypto,Time-MoE,0,SOL,all,1415,9,0.0008976513653373974,0.02209775721647714,2.2333316889215498
macro_crypto,Time-MoE,0,SOL,all,1415,10,0.0009930012598315934,0.02329920344976149,2.356793165602667
macro_crypto,Time-MoE,0,SOL,all,1415,11,0.0010813799665133628,0.024414246832102852,2.4717921752934666
macro_crypto,Time-MoE,0,SOL,all,1415,12,0.001170131880739892,0.025446263850788346,2.57856983539496
macro_crypto,Time-MoE,0,SOL,all,1415,13,0.0012572732009519347,0.02642643670732478,2.680295975583988
macro_crypto,Time-MoE,0,SOL,all,1415,14,0.0013454762986727362,0.027318932732086722,2.7733450445463244
macro_crypto,Time-MoE,0,SOL,all,1415,15,0.0014321099385063902,0.028212097424079166,2.86655915256702
macro_crypto,Time-MoE,0,SOL,all,1415,16,0.0015195177145408368,0.02911996121120116,2.9611500795124264
macro_crypto,Time-MoE,0,SOL,all,1415,17,0.0015998114083070143,0.02992991693449526,3.0458546896943486
macro_crypto,Time-MoE,0,SOL,all,1415,18,0.001684469919134002,0.030726254702456848,3.129274278291827
macro_crypto,Time-MoE,0,SOL,all,1415,19,0.0017624916232633764,0.0314610341833674,3.2064663662312607
macro_crypto,Time-MoE,0,SOL,all,1415,20,0.0018386224433898169,0.03212355438475053,3.276455487288617
macro_crypto,Time-MoE,0,SOL,all,1415,21,0.0019089240250329293,0.0327339722495197,3.3411871978091994
macro_crypto,Time-MoE,0,SOL,all,1415,22,0.001977665579106632,0.03330177287752131,3.401725526854975
macro_crypto,Time-MoE,0,SOL,all,1415,23,0.002045845011391371,0.03383684478463217,3.4584979460549174
macro_crypto,Time-MoE,0,SOL,all,1415,24,0.0021137002478762586,0.03434627346773451,3.5127062170747756
macro_crypto,Time-MoE,0,SOL,event,41,1,0.00015828388537330066,0.00807332992553711,0.810189709810171
macro_crypto,Time-MoE,0,SOL,event,41,2,0.0003020644609410972,0.012245060467138523,1.2241931727585953
macro_crypto,Time-MoE,0,SOL,event,41,3,0.0005090401511931406,0.016366189572869276,1.6406586394214298
macro_crypto,Time-MoE,0,SOL,event,41,4,0.0006552560836922101,0.019974662036430543,1.9906569403693446
macro_crypto,Time-MoE,0,SOL,event,41,5,0.0007481898389759409,0.021338525341778266,2.124569280947714
macro_crypto,Time-MoE,0,SOL,event,41,6,0.0008290285682254667,0.021934929417400825,2.1929374247468973
macro_crypto,Time-MoE,0,SOL,event,41,7,0.0010521164972876961,0.025368281980840172,2.5282985526739803
macro_crypto,Time-MoE,0,SOL,event,41,8,0.001013976878178074,0.02515270215709035,2.501346636573877
macro_crypto,Time-MoE,0,SOL,event,41,9,0.0009950335631611208,0.024373861347756733,2.4135218607703397
macro_crypto,Time-MoE,0,SOL,event,41,10,0.0011675631135889934,0.02741708261210744,2.7258128506095947
macro_crypto,Time-MoE,0,SOL,event,41,11,0.0014246599612869689,0.03053314802123279,3.0481845079436165
macro_crypto,Time-MoE,0,SOL,event,41,12,0.0014196231068434987,0.030873414946765435,3.078375468309338
macro_crypto,Time-MoE,0,SOL,event,41,13,0.001569893578445814,0.03263384685283754,3.258571702334719
macro_crypto,Time-MoE,0,SOL,event,41,14,0.001841975020913436,0.03389158772259224,3.3972166877626337
macro_crypto,Time-MoE,0,SOL,event,41,15,0.002044692721398871,0.03626239590528535,3.6360285946979096
macro_crypto,Time-MoE,0,SOL,event,41,16,0.00234420114889692,0.03877764649507476,3.898225275404478
macro_crypto,Time-MoE,0,SOL,event,41,17,0.002376778975044229,0.03918747930991941,3.941777316923046
macro_crypto,Time-MoE,0,SOL,event,41,18,0.002643281122312783,0.04099219746705962,4.152475380455496
macro_crypto,Time-MoE,0,SOL,event,41,19,0.002430775018825688,0.038014704134406115,3.8691039103429348
macro_crypto,Time-MoE,0,SOL,event,41,20,0.002292532409865158,0.03722768585856368,3.7974831777762685
macro_crypto,Time-MoE,0,SOL,event,41,21,0.0022105041844707332,0.036869864638258774,3.7519361277635874
macro_crypto,Time-MoE,0,SOL,event,41,22,0.002147617548674449,0.03586380656172589,3.656210892206261
macro_crypto,Time-MoE,0,SOL,event,41,23,0.0020429830245869527,0.03574121143759751,3.6301516933267357
macro_crypto,Time-MoE,0,SOL,event,41,24,0.0023834480481398383,0.03702076469979635,3.7653243810761285
macro_crypto,Time-MoE,0,DOGE,all,1415,1,8.072357351547501e-05,0.005982048688423507,0.5998702964682326
macro_crypto,Time-MoE,0,DOGE,all,1415,2,0.00017635761465438336,0.008850212948061131,0.8890960304494493
macro_crypto,Time-MoE,0,DOGE,all,1415,3,0.00028294435890531924,0.011343879834501988,1.1414120213400392
macro_crypto,Time-MoE,0,DOGE,all,1415,4,0.0003956100641946885,0.013620823811305286,1.3722799006171253
macro_crypto,Time-MoE,0,DOGE,all,1415,5,0.000510642479760368,0.015814319516239232,1.5942990258638579
macro_crypto,Time-MoE,0,DOGE,all,1415,6,0.0006271897168400144,0.01791571783092755,1.8068265696126897
macro_crypto,Time-MoE,0,DOGE,all,1415,7,0.000735691169360687,0.01962169669963446,1.979906809990508
macro_crypto,Time-MoE,0,DOGE,all,1415,8,0.0008395447324593889,0.021169821407264196,2.1376226152309563
macro_crypto,Time-MoE,0,DOGE,all,1415,9,0.0009412277658503568,0.022553495678379342,2.2791336916342733
macro_crypto,Time-MoE,0,DOGE,all,1415,10,0.0010454833976358407,0.023934883953404512,2.4210833082046537
macro_crypto,Time-MoE,0,DOGE,all,1415,11,0.001141648431255921,0.02510691257753136,2.5419269651663847
macro_crypto,Time-MoE,0,DOGE,all,1415,12,0.0012384876245164554,0.026254420693266098,2.659918542299657
macro_crypto,Time-MoE,0,DOGE,all,1415,13,0.0013405916546140521,0.02747093236909738,2.7849728572615953
macro_crypto,Time-MoE,0,DOGE,all,1415,14,0.0014377264371292881,0.028561721589455757,2.897406773137542
macro_crypto,Time-MoE,0,DOGE,all,1415,15,0.0015333425460558711,0.02963639476695246,3.008040016626802
macro_crypto,Time-MoE,0,DOGE,all,1415,16,0.0016256300867484167,0.0306540986253179,3.11270195440736
macro_crypto,Time-MoE,0,DOGE,all,1415,17,0.0017143271560174035,0.031690512360616624,3.2189014142332963
macro_crypto,Time-MoE,0,DOGE,all,1415,18,0.0018055512085129817,0.032649477589678004,3.317880740844592
macro_crypto,Time-MoE,0,DOGE,all,1415,19,0.0018885845940456655,0.03347621296825341,3.403382820925075
macro_crypto,Time-MoE,0,DOGE,all,1415,20,0.001967838606941629,0.034252994599696183,3.483812972618642
macro_crypto,Time-MoE,0,DOGE,all,1415,21,0.0020461165425079294,0.03502241360425107,3.563456991730946
macro_crypto,Time-MoE,0,DOGE,all,1415,22,0.0021225036853007506,0.03579083588435035,3.6426266133104503
macro_crypto,Time-MoE,0,DOGE,all,1415,23,0.0021943154894247135,0.0365126307777297,3.71682807803761
macro_crypto,Time-MoE,0,DOGE,all,1415,24,0.0022598948103256106,0.037184990631817925,3.7858665836997707
macro_crypto,Time-MoE,0,DOGE,event,41,1,0.0001932345508689671,0.00921362347719146,0.9259058239944209
macro_crypto,Time-MoE,0,DOGE,event,41,2,0.00038881333958970597,0.013781980770390207,1.3842364776342875
macro_crypto,Time-MoE,0,DOGE,event,41,3,0.0006159873741375997,0.018338484008137774,1.8479563667897403
macro_crypto,Time-MoE,0,DOGE,event,41,4,0.0007482094881324759,0.021767825615115283,2.188270203613624
macro_crypto,Time-MoE,0,DOGE,event,41,5,0.0008236551042516768,0.022691105924001555,2.2843666921103485
macro_crypto,Time-MoE,0,DOGE,event,41,6,0.0008297346475414575,0.022564520196216863,2.2737111658141895
macro_crypto,Time-MoE,0,DOGE,event,41,7,0.0009753042693156965,0.024174592843869837,2.4286689641755834
macro_crypto,Time-MoE,0,DOGE,event,41,8,0.0009100216413503855,0.023500051440262213,2.357659783821363
macro_crypto,Time-MoE,0,DOGE,event,41,9,0.0008529931977858565,0.02206604945950392,2.209043013002746
macro_crypto,Time-MoE,0,DOGE,event,41,10,0.000998159089833589,0.023775690939368273,2.3935682765953645
macro_crypto,Time-MoE,0,DOGE,event,41,11,0.0011421215162907676,0.025878949863154713,2.615086846088537
macro_crypto,Time-MoE,0,DOGE,event,41,12,0.0011359756887039981,0.025616405940637355,2.589146784051659
macro_crypto,Time-MoE,0,DOGE,event,41,13,0.0012221774184645886,0.027051188596865026,2.7402188995118824
macro_crypto,Time-MoE,0,DOGE,event,41,14,0.0015756162470593126,0.029913332404159918,3.032611042178054
macro_crypto,Time-MoE,0,DOGE,event,41,15,0.0016305149941964788,0.03136988820099249,3.1792162866119313
macro_crypto,Time-MoE,0,DOGE,event,41,16,0.001979643805620551,0.03377620766802532,3.4447454659673826
macro_crypto,Time-MoE,0,DOGE,event,41,17,0.0019762340864587476,0.03414848374157417,3.4793591273891393
macro_crypto,Time-MoE,0,DOGE,event,41,18,0.002288179014484388,0.03566161306892953,3.664908325721482
macro_crypto,Time-MoE,0,DOGE,event,41,19,0.002195319898804943,0.034437919535288,3.5442709891512636
macro_crypto,Time-MoE,0,DOGE,event,41,20,0.0022666094028649334,0.03435034577439471,3.556817046275056
macro_crypto,Time-MoE,0,DOGE,event,41,21,0.0023350435222102995,0.03714190023701366,3.830110409221551
macro_crypto,Time-MoE,0,DOGE,event,41,22,0.002350661711195955,0.03733029598143042,3.8484368926371655
macro_crypto,Time-MoE,0,DOGE,event,41,23,0.002279217517244196,0.038648968789635633,3.963126895901894
macro_crypto,Time-MoE,0,DOGE,event,41,24,0.0025906880508989824,0.040383711093809546,4.141075746171229
macro_crypto,Time-MoE,0,Pooled,all,5660,1,6.571928412010872e-05,0.005313662515933438,0.5325850401667851
macro_crypto,Time-MoE,0,Pooled,all,5660,2,0.0001460852165270057,0.00803090724633355,0.8061956825045896
macro_crypto,Time-MoE,0,Pooled,all,5660,3,0.00023441551339897115,0.010283703412268272,1.0337235544594539
macro_crypto,Time-MoE,0,Pooled,all,5660,4,0.0003286797704055266,0.012348249207115847,1.2426694225836985
macro_crypto,Time-MoE,0,Pooled,all,5660,5,0.00042435724248843985,0.014265416030748995,1.4366282120386076
macro_crypto,Time-MoE,0,Pooled,all,5660,6,0.0005216406136121769,0.016049519023288685,1.617220129746759
macro_crypto,Time-MoE,0,Pooled,all,5660,7,0.0006116278109708457,0.017565361297172708,1.770947612134427
macro_crypto,Time-MoE,0,Pooled,all,5660,8,0.0006983838430639478,0.018925281621963313,1.909104967612011
macro_crypto,Time-MoE,0,Pooled,all,5660,9,0.0007833723060909974,0.020176898127309845,2.0365717741286806
macro_crypto,Time-MoE,0,Pooled,all,5660,10,0.0008686988534740074,0.021334459493101275,2.155085968669989
macro_crypto,Time-MoE,0,Pooled,all,5660,11,0.000947487735257843,0.02237297029040306,2.261660427717613
macro_crypto,Time-MoE,0,Pooled,all,5660,12,0.0010257214378160883,0.023368388888271453,2.3637896068825603
macro_crypto,Time-MoE,0,Pooled,all,5660,13,0.001104365075127459,0.02433536306497486,2.4632857756258373
macro_crypto,Time-MoE,0,Pooled,all,5660,14,0.0011811516558651873,0.025189502942688475,2.5515345597203547
macro_crypto,Time-MoE,0,Pooled,all,5660,15,0.0012568658143985595,0.026037702806846835,2.639152824663642
macro_crypto,Time-MoE,0,Pooled,all,5660,16,0.0013307881948133207,0.026851325321534496,2.72326597260208
macro_crypto,Time-MoE,0,Pooled,all,5660,17,0.0014009182724337866,0.02764727365844241,2.8054583101991235
macro_crypto,Time-MoE,0,Pooled,all,5660,18,0.001472968249836398,0.02842079172496661,2.885644953423258
macro_crypto,Time-MoE,0,Pooled,all,5660,19,0.0015389993670178455,0.02912821006227298,2.9590292140366103
macro_crypto,Time-MoE,0,Pooled,all,5660,20,0.0016037134953164665,0.029791038954637077,3.0278591238801695
macro_crypto,Time-MoE,0,Pooled,all,5660,21,0.0016655030866279908,0.030414836535184207,3.0927090180325814
macro_crypto,Time-MoE,0,Pooled,all,5660,22,0.0017267828961976736,0.031023973395040937,3.1558631450099606
macro_crypto,Time-MoE,0,Pooled,all,5660,23,0.0017860778782571442,0.031611483057059166,3.2165643076175203
macro_crypto,Time-MoE,0,Pooled,all,5660,24,0.0018437389099592654,0.03219223546897565,3.276598926161612
macro_crypto,Time-MoE,0,Pooled,event,164,1,0.0001441910661586918,0.00780445628049897,0.7825158516916237
macro_crypto,Time-MoE,0,Pooled,event,164,2,0.0002976347167143605,0.012005088169400284,1.2005502199339615
macro_crypto,Time-MoE,0,Pooled,event,164,3,0.0004991408346603512,0.015934833302730468,1.5992264742740692
macro_crypto,Time-MoE,0,Pooled,event,164,4,0.0006253995518819812,0.019233278021579835,1.9252017463288587
macro_crypto,Time-MoE,0,Pooled,event,164,5,0.0006869831463435526,0.020153863037504802,2.019631914794924
macro_crypto,Time-MoE,0,Pooled,event,164,6,0.0007179255055158758,0.020378331222185273,2.045101511660813
macro_crypto,Time-MoE,0,Pooled,event,164,7,0.0008769790023470995,0.022768867088527215,2.2798829842010586
macro_crypto,Time-MoE,0,Pooled,event,164,8,0.0008461165543545417,0.02261378743299624,2.2597887264247896
macro_crypto,Time-MoE,0,Pooled,event,164,9,0.0008187881789038035,0.02202972733392948,2.1945553029339693
macro_crypto,Time-MoE,0,Pooled,event,164,10,0.0009783071567234804,0.024047392897489594,2.4050007935929045
macro_crypto,Time-MoE,0,Pooled,event,164,11,0.0011800273782649419,0.0266007562962974,2.6681467263523944
macro_crypto,Time-MoE,0,Pooled,event,164,12,0.0011765332217738146,0.026572522593707574,2.6628789536134567
macro_crypto,Time-MoE,0,Pooled,event,164,13,0.001299716738168733,0.028218291518164844,2.8317569008277355
macro_crypto,Time-MoE,0,Pooled,event,164,14,0.001521308602959688,0.030122052969002142,3.0280809606180448
macro_crypto,Time-MoE,0,Pooled,event,164,15,0.001634816486374213,0.031609955357342234,3.179224310512365
macro_crypto,Time-MoE,0,Pooled,event,164,16,0.0018808201887599994,0.03362826058050481,3.3955389473777275
macro_crypto,Time-MoE,0,Pooled,event,164,17,0.001935015654662421,0.034215122824761926,3.455808497824615
macro_crypto,Time-MoE,0,Pooled,event,164,18,0.0022290658711299153,0.035970899026568345,3.659184705214265
macro_crypto,Time-MoE,0,Pooled,event,164,19,0.0021082119465413948,0.03464404184643815,3.53265946369237
macro_crypto,Time-MoE,0,Pooled,event,164,20,0.0021116946421111393,0.034788957819706055,3.5568736708473057
macro_crypto,Time-MoE,0,Pooled,event,164,21,0.0020891903081737963,0.03576724158554542,3.648363400164324
macro_crypto,Time-MoE,0,Pooled,event,164,22,0.0020763503520625096,0.03528004848375553,3.602225733904028
macro_crypto,Time-MoE,0,Pooled,event,164,23,0.002010047346684521,0.0355464707060558,3.617534269371357
macro_crypto,Time-MoE,0,Pooled,event,164,24,0.002324586883725843,0.037574775698708325,3.825525308326503
macro_equities,Time-MoE,0,SPX,all,250,1,1.2469189411064008e-05,0.0023796143531799314,0.23805918899178777
macro_equities,Time-MoE,0,SPX,all,250,2,2.5122165424789956e-05,0.003564577579498291,0.3568998987455319
macro_equities,Time-MoE,0,SPX,all,250,3,3.7525925070909235e-05,0.004489690065383911,0.449777474604909
macro_equities,Time-MoE,0,SPX,all,250,4,4.851710116697916e-05,0.005293616056442261,0.5304161168716237
macro_equities,Time-MoE,0,SPX,all,250,5,5.9913742592868857e-05,0.006020627975463867,0.6034059327059579
macro_equities,Time-MoE,0,SPX,all,250,6,7.02510884491403e-05,0.006632593631744385,0.6647611901258051
macro_equities,Time-MoE,0,SPX,all,250,7,8.054856557107825e-05,0.007252948999404907,0.7268035923219545
macro_equities,Time-MoE,0,SPX,all,250,8,9.061786655634307e-05,0.007853872060775757,0.7867115171823947
macro_equities,Time-MoE,0,SPX,all,250,9,0.00010084266071756076,0.008315990686416625,0.8328756146118043
macro_equities,Time-MoE,0,SPX,all,250,10,0.00011002140479676826,0.008682306051254272,0.8695395820061577
macro_equities,Time-MoE,0,SPX,all,250,11,0.00011839762524367359,0.008956403970718384,0.8970587585008494
macro_equities,Time-MoE,0,SPX,all,250,12,0.0001259383150984519,0.009203890085220337,0.9217998972228207
macro_equities,Time-MoE,0,SPX,all,250,13,0.0001331403415620116,0.009449933528900147,0.946459877027446
macro_equities,Time-MoE,0,SPX,all,250,14,0.00013804230619531666,0.009717108011245727,0.9728119210141702
macro_equities,Time-MoE,0,SPX,all,250,15,0.00014407952040777162,0.009921125173568725,0.9928087558002939
macro_equities,Time-MoE,0,SPX,all,250,16,0.0001497714899387148,0.010227275133132934,1.0230163042530551
macro_equities,Time-MoE,0,SPX,all,250,17,0.0001553932521928232,0.010474581718444825,1.0475811047962829
macro_equities,Time-MoE,0,SPX,all,250,18,0.00016108966030074613,0.010693177700042725,1.0693098093732607
macro_equities,Time-MoE,0,SPX,all,250,19,0.00016588667220133858,0.010869207382202149,1.0868918023888132
macro_equities,Time-MoE,0,SPX,all,250,20,0.00017067435566667656,0.011026256084442139,1.102595124673031
macro_equities,Time-MoE,0,SPX,all,250,21,0.00017586094449239907,0.011173813343048096,1.1174578094404606
macro_equities,Time-MoE,0,SPX,all,250,22,0.00018092499280938058,0.011327308416366578,1.1329046858229956
macro_equities,Time-MoE,0,SPX,all,250,23,0.00018509874415198623,0.011432133674621581,1.1435230845175544
macro_equities,Time-MoE,0,SPX,all,250,24,0.0001882067551921125,0.011496925830841064,1.1501011859258037
macro_equities,Time-MoE,0,SPX,event,39,1,1.453565469643737e-05,0.0023311239022475025,0.23405746174676123
macro_equities,Time-MoE,0,SPX,event,39,2,4.8271645451081484e-05,0.004453616264538887,0.44720229248391025
macro_equities,Time-MoE,0,SPX,event,39,3,6.369507763719476e-05,0.005405153983678573,0.54380131793529
macro_equities,Time-MoE,0,SPX,event,39,4,7.019634630713639e-05,0.006080133792681572,0.6120625123391902
macro_equities,Time-MoE,0,SPX,event,39,5,8.551903290975014e-05,0.006689042617113163,0.6738272275339795
macro_equities,Time-MoE,0,SPX,event,39,6,9.638409123870526e-05,0.007110866216512827,0.7160740406587036
macro_equities,Time-MoE,0,SPX,event,39,7,0.00010088690275594923,0.007518774423843775,0.7563072214532989
macro_equities,Time-MoE,0,SPX,event,39,8,0.00012276186616306408,0.008894530626443716,0.893529172174286
macro_equities,Time-MoE,0,SPX,event,39,9,0.00012357194478796192,0.009479021414732322,0.9502742638695829
macro_equities,Time-MoE,0,SPX,event,39,10,0.00014167187545128404,0.009986943159347925,1.0027245796982116
macro_equities,Time-MoE,0,SPX,event,39,11,0.00012732387550065173,0.009879563099298721,0.9907219299937075
macro_equities,Time-MoE,0,SPX,event,39,12,0.0001498704742693837,0.010337543793213673,1.0380439166723023
macro_equities,Time-MoE,0,SPX,event,39,13,0.00014572042366139815,0.010251687123225285,1.0291308772628749
macro_equities,Time-MoE,0,SPX,event,39,14,0.00014904433346420485,0.010289040895608755,1.0318272437020752
macro_equities,Time-MoE,0,SPX,event,39,15,0.0001431595943011406,0.01003185143837562,1.0052670833495176
macro_equities,Time-MoE,0,SPX,event,39,16,0.00015551568272907337,0.01069949223445012,1.071519957199349
macro_equities,Time-MoE,0,SPX,event,39,17,0.00015405482592875877,0.010368594756493201,1.0384940526056534
macro_equities,Time-MoE,0,SPX,event,39,18,0.00016811710021358568,0.010492389018719014,1.0524482470434084
macro_equities,Time-MoE,0,SPX,event,39,19,0.00015453411279436178,0.010166394404875927,1.0188415702458922
macro_equities,Time-MoE,0,SPX,event,39,20,0.00014578619618596452,0.009783761623578194,0.9801230509716549
macro_equities,Time-MoE,0,SPX,event,39,21,0.0001401359203966534,0.009427390037438808,0.943698595449022
macro_equities,Time-MoE,0,SPX,event,39,22,0.0001599368659758154,0.010326976959521953,1.0353728390736676
macro_equities,Time-MoE,0,SPX,event,39,23,0.0001393955139577248,0.0097425870406322,0.9758251720875172
macro_equities,Time-MoE,0,SPX,event,39,24,0.00015281213653905431,0.009900316213950133,0.9929509043882129
macro_equities,Time-MoE,0,NDX,all,250,1,2.4341709029300773e-05,0.003372114181518555,0.3374225598300984
macro_equities,Time-MoE,0,NDX,all,250,2,4.859250205085175e-05,0.004949956655502319,0.4961074389507872
macro_equities,Time-MoE,0,NDX,all,250,3,7.367799203720437e-05,0.006175656795501709,0.6196200521978523
macro_equities,Time-MoE,0,NDX,all,250,4,9.5483816820078e-05,0.007301532030105591,0.7328816721025353
macro_equities,Time-MoE,0,NDX,all,250,5,0.00011693683889600948,0.00820763635635376,0.8242445023508052
macro_equities,Time-MoE,0,NDX,all,250,6,0.00013628114920896905,0.008953615188598633,0.899344127872487
macro_equities,Time-MoE,0,NDX,all,250,7,0.0001544065590644266,0.009626446723937988,0.9672839872154627
macro_equities,Time-MoE,0,NDX,all,250,8,0.00017238294165498758,0.010356188535690307,1.040649268075654
macro_equities,Time-MoE,0,NDX,all,250,9,0.00018907116173677707,0.011015028715133667,1.1071944623251402
macro_equities,Time-MoE,0,NDX,all,250,10,0.00020638699578589127,0.01150492763519287,1.1569276158072512
macro_equities,Time-MoE,0,NDX,all,250,11,0.0002223919707217874,0.011917913436889648,1.1988873971087164
macro_equities,Time-MoE,0,NDX,all,250,12,0.00023609230098143997,0.012357717275619507,1.243232960489344
macro_equities,Time-MoE,0,NDX,all,250,13,0.0002492762068700216,0.012699304819107056,1.2779949970211306
macro_equities,Time-MoE,0,NDX,all,250,14,0.0002580294941675163,0.012997110843658448,1.30740458534929
macro_equities,Time-MoE,0,NDX,all,250,15,0.0002690380031211674,0.013380933046340943,1.3454598420315316
macro_equities,Time-MoE,0,NDX,all,250,16,0.00027892010901098274,0.013774099349975586,1.3845062998885218
macro_equities,Time-MoE,0,NDX,all,250,17,0.00028921517360413416,0.014102826118469238,1.4174448490770186
macro_equities,Time-MoE,0,NDX,all,250,18,0.00030033466275261844,0.014440906047821046,1.451596249522336
macro_equities,Time-MoE,0,NDX,all,250,19,0.0003126272271167494,0.01474459147453308,1.4823861987189306
macro_equities,Time-MoE,0,NDX,all,250,20,0.0003242418809424095,0.015040774583816528,1.512543182659133
macro_equities,Time-MoE,0,NDX,all,250,21,0.000337332029302317,0.01529532551765442,1.5387381248854728
macro_equities,Time-MoE,0,NDX,all,250,22,0.0003508926685840805,0.015522886514663697,1.5621540428687177
macro_equities,Time-MoE,0,NDX,all,250,23,0.00036371965578946687,0.015824753046035766,1.5928745184708581
macro_equities,Time-MoE,0,NDX,all,250,24,0.000373948593574184,0.01602550959587097,1.6133301573418106
macro_equities,Time-MoE,0,NDX,event,39,1,2.5896590455632715e-05,0.0032239327063927283,0.32418724350554584
macro_equities,Time-MoE,0,NDX,event,39,2,8.429816257414193e-05,0.005829791227976481,0.5869527113314481
macro_equities,Time-MoE,0,NDX,event,39,3,0.00010818464148179338,0.006912347597953601,0.697717678393051
macro_equities,Time-MoE,0,NDX,event,39,4,0.00013220034787500058,0.008283518827878512,0.8369973889944224
macro_equities,Time-MoE,0,NDX,event,39,5,0.00016145392495631612,0.009065857300391564,0.9171031830433677
macro_equities,Time-MoE,0,NDX,event,39,6,0.00018182490050614537,0.009589198308113294,0.969758589282603
macro_equities,Time-MoE,0,NDX,event,39,7,0.00019288248994888736,0.009761678866851024,0.9882805238939876
macro_equities,Time-MoE,0,NDX,event,39,8,0.00023232602799174774,0.01168212829492031,1.181705217324846
macro_equities,Time-MoE,0,NDX,event,39,9,0.00023483180583538363,0.012551504832047682,1.2659197946312368
macro_equities,Time-MoE,0,NDX,event,39,10,0.00028275268902980055,0.013564015046144143,1.3715105924724917
macro_equities,Time-MoE,0,NDX,event,39,11,0.00025968126453644564,0.013576214130108174,1.3705025641164292
macro_equities,Time-MoE,0,NDX,event,39,12,0.0003015975138169416,0.014435387574709378,1.4594433454874165
macro_equities,Time-MoE,0,NDX,event,39,13,0.0002955734720751516,0.014373310101337923,1.452145659641433
macro_equities,Time-MoE,0,NDX,event,39,14,0.0002955824600917732,0.014399568239847818,1.4525484536812578
macro_equities,Time-MoE,0,NDX,event,39,15,0.00028320947627391,0.01437926139587011,1.4496707373202555
macro_equities,Time-MoE,0,NDX,event,39,16,0.00028805027269148315,0.014511337647071252,1.4606328890261389
macro_equities,Time-MoE,0,NDX,event,39,17,0.0002829782189035968,0.01399744321138431,1.4072869641229755
macro_equities,Time-MoE,0,NDX,event,39,18,0.00032539858183000824,0.014759542086185554,1.4858095260335973
macro_equities,Time-MoE,0,NDX,event,39,19,0.00031200961727333556,0.014684067322657658,1.4767498404553574
macro_equities,Time-MoE,0,NDX,event,39,20,0.00029384877355799797,0.014156803106650328,1.4227820013054484
macro_equities,Time-MoE,0,NDX,event,39,21,0.00030183513242631164,0.014465680489173302,1.4540862818334657
macro_equities,Time-MoE,0,NDX,event,39,22,0.0003537708940184231,0.015556113842206124,1.5675893480972036
macro_equities,Time-MoE,0,NDX,event,39,23,0.0003114003739085182,0.015004466741512984,1.5088888779445706
macro_equities,Time-MoE,0,NDX,event,39,24,0.0003422713972970935,0.015404282472072503,1.5508384914139712
macro_equities,Time-MoE,0,INDU,all,296,1,8.27043960842715e-06,0.0019479321466909874,0.19476697121028463
macro_equities,Time-MoE,0,INDU,all,296,2,1.843518856987276e-05,0.003177191155987817,0.31772709637137464
macro_equities,Time-MoE,0,INDU,all,296,3,2.8456408304280302e-05,0.0041995688870146465,0.4198303098412252
macro_equities,Time-MoE,0,INDU,all,296,4,3.8940122498318614e-05,0.0051055155895851755,0.5102890568794365
macro_equities,Time-MoE,0,INDU,all,296,5,5.002508583449425e-05,0.005812288740196744,0.5808940579932562
macro_equities,Time-MoE,0,INDU,all,296,6,6.199572090316387e-05,0.006440251260190396,0.643725201731609
macro_equities,Time-MoE,0,INDU,all,296,7,7.304229254246686e-05,0.006984876619802939,0.6981212922890269
macro_equities,Time-MoE,0,INDU,all,296,8,8.378312410445438e-05,0.007474656846072222,0.746968943197112
macro_equities,Time-MoE,0,INDU,all,296,9,9.500552853664775e-05,0.007965492638381751,0.7958128308259642
macro_equities,Time-MoE,0,INDU,all,296,10,0.00010684340557758713,0.008437485509627574,0.8427583878113928
macro_equities,Time-MoE,0,INDU,all,296,11,0.00011872055981861348,0.008890448389826593,0.8878624417758126
macro_equities,Time-MoE,0,INDU,all,296,12,0.00013071514737674042,0.009312884026282543,0.9298945322648604
macro_equities,Time-MoE,0,INDU,all,296,13,0.00014182469137169774,0.009641297362946175,0.9626014544938757
macro_equities,Time-MoE,0,INDU,all,296,14,0.00015143164674011109,0.00994419467610282,0.9928040721866962
macro_equities,Time-MoE,0,INDU,all,296,15,0.0001610568128107679,0.010237785005891646,1.0221459550796703
macro_equities,Time-MoE,0,INDU,all,296,16,0.00016954506339157644,0.010543496423476451,1.0525832581899928
macro_equities,Time-MoE,0,INDU,all,296,17,0.00017794950024595132,0.010781687055085157,1.0762201425743185
macro_equities,Time-MoE,0,INDU,all,296,18,0.0001858444400364243,0.01101879554020392,1.0998722860223282
macro_equities,Time-MoE,0,INDU,all,296,19,0.0001943301484112676,0.011305542612397993,1.1285627899130808
macro_equities,Time-MoE,0,INDU,all,296,20,0.00020229621237470612,0.011521747788867436,1.150218954939181
macro_equities,Time-MoE,0,INDU,all,296,21,0.00020864995252328915,0.011738076604701378,1.1719031458761426
macro_equities,Time-MoE,0,INDU,all,296,22,0.00021422363416161798,0.011917581026618546,1.189938831506636
macro_equities,Time-MoE,0,INDU,all,296,23,0.00021965755771811865,0.01211874750820366,1.2101973023631947
macro_equities,Time-MoE,0,INDU,all,296,24,0.00022451049881827705,0.012320919415435276,1.2307043094561179
macro_equities,Time-MoE,0,INDU,event,39,1,1.138229852980197e-05,0.002290973296532264,0.2294647627732065
macro_equities,Time-MoE,0,INDU,event,39,2,2.8362153782105008e-05,0.0036280460846729768,0.36410542648865574
macro_equities,Time-MoE,0,INDU,event,39,3,4.5491438319217173e-05,0.004785296244499011,0.47941501701661776
macro_equities,Time-MoE,0,INDU,event,39,4,5.372427942272286e-05,0.005643295936095409,0.5648065393782489
macro_equities,Time-MoE,0,INDU,event,39,5,5.95773137969757e-05,0.005931695302327474,0.5944936854193978
macro_equities,Time-MoE,0,INDU,event,39,6,7.638496485968132e-05,0.006678862449450371,0.6698348169856115
macro_equities,Time-MoE,0,INDU,event,39,7,8.538416122150512e-05,0.007252054336743477,0.7259524232313694
macro_equities,Time-MoE,0,INDU,event,39,8,9.974426422842679e-05,0.008122129318041679,0.8109918449601993
macro_equities,Time-MoE,0,INDU,event,39,9,0.00011074038151566612,0.008845858084849821,0.8827351596111074
macro_equities,Time-MoE,0,INDU,event,39,10,0.00011430746849200455,0.009139592830951396,0.9117387102466384
macro_equities,Time-MoE,0,INDU,event,39,11,0.0001312029284872114,0.00968789137326754,0.966043149642324
macro_equities,Time-MoE,0,INDU,event,39,12,0.00013708627477690346,0.010060192682804206,1.0038794629744292
macro_equities,Time-MoE,0,INDU,event,39,13,0.00015263521909730936,0.010354367586282583,1.0335800877766037
macro_equities,Time-MoE,0,INDU,event,39,14,0.0001597589365608871,0.01050581076206305,1.0484617904197688
macro_equities,Time-MoE,0,INDU,event,39,15,0.0001787512814028666,0.011104683081309,1.1068190141135368
macro_equities,Time-MoE,0,INDU,event,39,16,0.0001813221565013142,0.01146017740934323,1.1420171297819781
macro_equities,Time-MoE,0,INDU,event,39,17,0.000186474202355778,0.011522164711585412,1.1485560882387131
macro_equities,Time-MoE,0,INDU,event,39,18,0.000209234729795345,0.011980594732822517,1.1951112961485593
macro_equities,Time-MoE,0,INDU,event,39,19,0.00021170644183070972,0.011827484155312562,1.17929695615011
macro_equities,Time-MoE,0,INDU,event,39,20,0.0002312104889767852,0.01210613739796174,1.2086659786803726
macro_equities,Time-MoE,0,INDU,event,39,21,0.00023708722170321896,0.012264060668456249,1.227312627767643
macro_equities,Time-MoE,0,INDU,event,39,22,0.00024385367113110553,0.012387876327221211,1.2400992176956431
macro_equities,Time-MoE,0,INDU,event,39,23,0.00023663638502395947,0.012357502411573362,1.2358613401579974
macro_equities,Time-MoE,0,INDU,event,39,24,0.0002239654803537551,0.012327778033721142,1.2336163144155425
macro_equities,Time-MoE,0,Pooled,all,796,1,1.4636651676112602e-05,0.0025308040817778312,0.2531676641755224
macro_equities,Time-MoE,0,Pooled,all,796,2,3.0006887795970806e-05,0.0038556308303047066,0.38605408913317424
macro_equities,Time-MoE,0,Pooled,all,796,3,4.5507633335546954e-05,0.004911317972082588,0.49198386107247866
macro_equities,Time-MoE,0,Pooled,all,796,4,5.970666552294799e-05,0.005854296025319315,0.5865201106530816
macro_equities,Time-MoE,0,Pooled,all,796,5,7.414581756184658e-05,0.00663002958549327,0.6643935300630586
macro_equities,Time-MoE,0,Pooled,all,796,6,8.791933769078373e-05,0.007290033389575517,0.7306143080554388
macro_equities,Time-MoE,0,Pooled,all,796,7,0.00010095389416010854,0.007898709058162555,0.7916655746255103
macro_equities,Time-MoE,0,Pooled,all,796,8,0.00011375628993436075,0.008498760773308913,0.8516871903277102
macro_equities,Time-MoE,0,Pooled,all,796,9,0.00012638202520154799,0.009033342551945442,0.9052488909029166
macro_equities,Time-MoE,0,Pooled,all,796,10,0.00013910521130229984,0.009477769010630086,0.9498408068411112
macro_equities,Time-MoE,0,Pooled,all,796,11,0.00015117925213275734,0.00986200009458628,0.9884344493316986
macro_equities,Time-MoE,0,Pooled,all,796,12,0.00016231072568277403,0.01023494411053969,1.0257625577618592
macro_equities,Time-MoE,0,Pooled,all,796,13,0.0001728445298417473,0.01054162513371089,1.0565876244250392
macro_equities,Time-MoE,0,Pooled,all,796,14,0.00018070567528364462,0.010831703942025726,1.0853318240679988
macro_equities,Time-MoE,0,Pooled,all,796,15,0.00018963843903796742,0.01112550115165998,1.1144753167858528
macro_equities,Time-MoE,0,Pooled,all,796,16,0.00019768622927302892,0.011458817289103215,1.1475443410296888
macro_equities,Time-MoE,0,Pooled,all,796,17,0.00020581050065583033,0.011728305687856435,1.1743940335054317
macro_equities,Time-MoE,0,Pooled,all,796,18,0.00021402768217854614,0.01199131208149033,1.20073958716898
macro_equities,Time-MoE,0,Pooled,all,796,19,0.0002225505009538407,0.012248605939012077,1.2266006106673468
macro_equities,Time-MoE,0,Pooled,all,796,20,0.000230664243737669,0.0124713505183033,1.2490570194661288
macro_equities,Time-MoE,0,Pooled,all,796,21,0.000238767122356247,0.012678084661014116,1.2700154708050522
macro_equities,Time-MoE,0,Pooled,all,796,22,0.0002466892098746284,0.012864513463111378,1.2889278596719755
macro_equities,Time-MoE,0,Pooled,all,796,23,0.00025404929280141506,0.01306704892285505,1.3094444751841816
macro_equities,Time-MoE,0,Pooled,all,796,24,0.00026004264427359816,0.013225629401566396,1.3255606927335608
macro_equities,Time-MoE,0,Pooled,event,117,1,1.727151456062402e-05,0.0026153433017241648,0.26256982267517126
macro_equities,Time-MoE,0,Pooled,event,117,2,5.364398726910948e-05,0.004637151192396115,0.46608681010133796
macro_equities,Time-MoE,0,Pooled,event,117,3,7.245705247940177e-05,0.005700932608710395,0.5736446711149863
macro_equities,Time-MoE,0,Pooled,event,117,4,8.53736578682866e-05,0.0066689828522184975,0.6712888135706203
macro_equities,Time-MoE,0,Pooled,event,117,5,0.00010218342388768065,0.0072288650732774,0.7284746986655818
macro_equities,Time-MoE,0,Pooled,event,117,6,0.000118197985534844,0.007792975658025497,0.7852224823089725
macro_equities,Time-MoE,0,Pooled,event,117,7,0.00012638451797544723,0.008177502542479426,0.8235133895262187
macro_equities,Time-MoE,0,Pooled,event,117,8,0.00015161071946107955,0.009566262746468568,0.9620754114864436
macro_equities,Time-MoE,0,Pooled,event,117,9,0.00015638137737967057,0.010292128110543275,1.032976406037309
macro_equities,Time-MoE,0,Pooled,event,117,10,0.00017957734432436304,0.010896850345481155,1.0953246274724473
macro_equities,Time-MoE,0,Pooled,event,117,11,0.00017273602284143626,0.011047889534224812,1.1090892145841533
macro_equities,Time-MoE,0,Pooled,event,117,12,0.0001961847542877429,0.01161104135024242,1.1671222417113825
macro_equities,Time-MoE,0,Pooled,event,117,13,0.00019797637161128638,0.01165978827028193,1.1716188748936371
macro_equities,Time-MoE,0,Pooled,event,117,14,0.00020146191003895506,0.011731473299173208,1.1776124959343672
macro_equities,Time-MoE,0,Pooled,event,117,15,0.00020170678399263907,0.011838598638518244,1.1872522782611035
macro_equities,Time-MoE,0,Pooled,event,117,16,0.00020829603730729025,0.012223669096954867,1.224723325335822
macro_equities,Time-MoE,0,Pooled,event,117,17,0.00020783574906271118,0.01196273422648764,1.1981123683224473
macro_equities,Time-MoE,0,Pooled,event,117,18,0.00023425013727964628,0.012410841945909027,1.2444563564085211
macro_equities,Time-MoE,0,Pooled,event,117,19,0.00022608339063280236,0.012225981960948715,1.2249627889504529
macro_equities,Time-MoE,0,Pooled,event,117,20,0.0002236151529069159,0.01201556737606342,1.2038570103191588
macro_equities,Time-MoE,0,Pooled,event,117,21,0.00022635275817539468,0.012052377065022787,1.2083658350167106
macro_equities,Time-MoE,0,Pooled,event,117,22,0.00025252047704178135,0.012756989042983096,1.2810204682888382
macro_equities,Time-MoE,0,Pooled,event,117,23,0.00022914409096340085,0.01236818539790618,1.2401917967300284
macro_equities,Time-MoE,0,Pooled,event,117,24,0.00023968300472996764,0.012544125573247926,1.2591352367392428
